P1	P2	A
-5.609408673437945581e-01	3.317446551875677496e+00	2.000000000000000000e+00
-7.864010533941806491e-01	2.160418855449907749e+00	2.000000000000000000e+00
-5.897359392207015549e-01	1.709436713168704935e+00	3.000000000000000000e+00
-3.570683652664749519e-01	3.080484607251499973e+00	2.000000000000000000e+00
-8.880216490515444594e-01	-1.754632987813939282e+00	3.000000000000000000e+00
-2.183732870318646935e+00	-2.071373960075229448e+00	3.000000000000000000e+00
5.851449282157593634e-01	-2.906856200303302273e+00	3.000000000000000000e+00
-3.299194525899867836e-01	4.663604059945634095e-01	3.000000000000000000e+00
9.417501325151033109e-01	6.327717850215370810e-01	3.000000000000000000e+00
1.996307485389431924e-01	2.074169900607282013e+00	2.000000000000000000e+00
7.384958145495901238e-01	2.039911519764185055e+00	2.000000000000000000e+00
1.352541482148877705e+00	1.357603971929692843e+00	2.000000000000000000e+00
6.865309878507645791e-02	7.542012121603706154e-01	2.000000000000000000e+00
6.248289815686407511e-01	6.655014230744039638e-01	2.000000000000000000e+00
1.675368680597622228e+00	1.357153405925943579e+00	2.000000000000000000e+00
8.016490639709505928e-01	1.386520515885038551e-01	2.000000000000000000e+00
5.974507761531503425e-01	-4.285556954568638943e-01	2.000000000000000000e+00
4.493050763742639786e-01	1.204011880381209654e+00	2.000000000000000000e+00
7.815115090543005572e-01	1.772525526678900176e+00	2.000000000000000000e+00
2.990329282675982636e+00	1.098407378252425293e+00	2.000000000000000000e+00
-1.813832656573920732e-01	3.637850919393137872e+00	2.000000000000000000e+00
-1.618871691795466639e+00	1.009794172396767609e+00	3.000000000000000000e+00
-1.754897378835101884e+00	1.685754893216537598e+00	3.000000000000000000e+00
-8.955907955765380901e-01	-1.589076383986783303e-01	3.000000000000000000e+00
-2.342283589602126792e+00	-2.697921140590748834e-01	3.000000000000000000e+00
1.434499746791894625e-01	-1.613087363805749019e+00	3.000000000000000000e+00
6.038633042485086477e-01	-4.131572476222149515e-01	3.000000000000000000e+00
-2.824387938890546401e+00	-9.341903392480754853e-01	3.000000000000000000e+00
-1.502942891805309600e+00	2.188431686970338852e+00	2.000000000000000000e+00
-1.375950673013896175e+00	1.410486923553881056e+00	2.000000000000000000e+00
6.159525888357380019e-01	1.244175221195402026e+00	2.000000000000000000e+00
-5.113969398141575695e-01	2.295219256445876432e+00	2.000000000000000000e+00
-4.898479602918642262e-01	-1.282741973842503658e+00	2.000000000000000000e+00
-1.317760203848356015e+00	-3.576304095282736850e-01	2.000000000000000000e+00
-1.122843562348720514e+00	2.195433028635703110e+00	2.000000000000000000e+00
-1.723828446123981672e+00	-3.217848755608498368e-01	2.000000000000000000e+00
-1.156516606230283184e+00	1.051169140944596458e+00	2.000000000000000000e+00
-7.637307331386691267e-01	1.289084518828200521e+00	2.000000000000000000e+00
-3.071747509394760489e-01	-3.290748490764682788e-01	2.000000000000000000e+00
2.101833550606392542e+00	5.777167037066869293e-01	2.000000000000000000e+00
1.618202351812027207e+00	2.060510512921188420e-01	3.000000000000000000e+00
1.425479784058106159e+00	4.392663511565451095e-01	2.000000000000000000e+00
7.201742977283770442e-01	3.773309082538219283e-01	3.000000000000000000e+00
3.574433964267933334e-02	1.062684067088454754e+00	3.000000000000000000e+00
-1.649558307891265008e+00	9.984702159535794319e-01	2.000000000000000000e+00
-9.836740846291008866e-01	-1.648704813267658775e-01	2.000000000000000000e+00
-7.111157218380246281e-01	-5.944242103238162045e-01	2.000000000000000000e+00
-1.995930976007704416e+00	-1.659915383188375504e+00	2.000000000000000000e+00
-1.296848478013416850e+00	3.312943317696092072e-01	2.000000000000000000e+00
-1.573572538312079550e+00	-7.784928577889600743e-02	2.000000000000000000e+00
-1.804336328070456963e+00	7.075344116220569912e-01	2.000000000000000000e+00
-2.034331461910844130e+00	-4.463791613066161457e-01	2.000000000000000000e+00
-1.554605432945142862e+00	-5.116992224336828210e-01	3.000000000000000000e+00
-1.461872186539292739e+00	-3.299304785291238828e-01	2.000000000000000000e+00
-1.760282100433576913e+00	-1.549967682997015206e-01	2.000000000000000000e+00
-1.032639962508492326e+00	1.774414124515006241e+00	3.000000000000000000e+00
-1.048276216307692188e+00	2.110690069336068397e+00	2.000000000000000000e+00
-2.631782479996344293e+00	-1.853888667618978359e-01	2.000000000000000000e+00
-1.165354011385312472e+00	-8.715170933042111490e-02	3.000000000000000000e+00
-1.605340500327670394e+00	2.563939305566661012e-02	2.000000000000000000e+00
-1.464793419578551248e+00	-5.718609419124730531e-01	3.000000000000000000e+00
-1.115173138696898603e+00	-5.102057908829068372e-02	2.000000000000000000e+00
-1.093078466281406813e+00	-2.471075298830898159e-01	2.000000000000000000e+00
-9.040626747866352675e-01	-4.586951486951924561e-01	2.000000000000000000e+00
-6.850718011355294568e-01	-3.672306384883147756e-01	3.000000000000000000e+00
-8.429077688894920373e-02	1.385549726364558198e+00	3.000000000000000000e+00
-1.111640568369963278e+00	6.371761405149206636e-01	3.000000000000000000e+00
-4.616587905825806359e-01	-6.796786309979842011e-01	2.000000000000000000e+00
-3.012637445225269106e-01	-1.091062899865937963e+00	3.000000000000000000e+00
2.079401189324671329e+00	1.726657612509148843e+00	2.000000000000000000e+00
2.324176018555224044e+00	1.131797921090337722e+00	3.000000000000000000e+00
-1.800767100475644256e+00	-1.478032602280646035e+00	3.000000000000000000e+00
-1.433170197501892451e+00	-3.105466491165304599e-01	2.000000000000000000e+00
-1.433170197501892451e+00	-3.105466491165304599e-01	2.000000000000000000e+00
-2.541228057198391177e+00	-6.148995951412393746e-01	2.000000000000000000e+00
-9.267642103469899695e-01	1.406081316117930857e-01	2.000000000000000000e+00
-2.947222366090153312e+00	-9.132421392191604204e-01	3.000000000000000000e+00
-2.115309186549930054e+00	-6.555762471343548059e-01	2.000000000000000000e+00
-1.879105539250439882e+00	5.433822662487343136e-01	3.000000000000000000e+00
-1.171300199723537494e+00	8.061400577590975836e-01	2.000000000000000000e+00
-1.166345442723706771e+00	-4.226431552318636320e-01	2.000000000000000000e+00
1.097078245648594352e+00	1.532252878971179122e+00	3.000000000000000000e+00
-1.683606252761626898e+00	1.243489787134108404e+00	3.000000000000000000e+00
-1.992868696739538148e+00	-1.317063662691344561e+00	3.000000000000000000e+00
-8.688692984772579120e-01	-1.987108569709470363e+00	3.000000000000000000e+00
-7.111073623219937856e-01	-1.144211372691098072e+00	2.000000000000000000e+00
-4.631341416162507718e-01	1.541511316512404139e+00	3.000000000000000000e+00
1.379293438894722890e+00	-6.675025008464418041e-01	2.000000000000000000e+00
-8.882924750813779857e-01	1.512432339226351674e+00	2.000000000000000000e+00
-1.130176016566053931e+00	2.192698319123401074e+00	2.000000000000000000e+00
-8.977378829776639924e-01	1.848189531673062547e+00	3.000000000000000000e+00
-1.390808806908853557e+00	8.394665348180709863e-01	2.000000000000000000e+00
-2.918013371358088914e+00	-1.061697657787544324e+00	2.000000000000000000e+00
-3.641743888784709338e+00	-2.528553939956093011e+00	3.000000000000000000e+00
-1.147232381061514594e+00	-6.803175252007402918e-01	2.000000000000000000e+00
-1.408295419723193831e+00	-1.416859816852844567e+00	2.000000000000000000e+00
-1.286078992488350003e+00	-1.393914837052227407e+00	2.000000000000000000e+00
3.710459392726707772e+00	-1.464124661524583315e+00	3.000000000000000000e+00
-1.782212100869671856e+00	1.109803434909253594e+00	2.000000000000000000e+00
-2.919216167477563517e-01	-3.308112364847135001e-01	2.000000000000000000e+00
-1.639919227758583453e+00	1.320441855371371209e-01	3.000000000000000000e+00
-1.161270251378552887e+00	9.037261045059278297e-01	2.000000000000000000e+00
-1.038713833342701509e+00	7.883203937150436991e-01	2.000000000000000000e+00
-1.650406532364567358e+00	2.078852273760927183e+00	2.000000000000000000e+00
-1.739623762923764083e+00	1.131047093841113654e-01	3.000000000000000000e+00
-1.843092945081354905e+00	7.087963784728722461e-01	3.000000000000000000e+00
-1.626196244952011094e+00	1.389863420621361367e+00	2.000000000000000000e+00
-1.708574191596128333e+00	-4.772852846885767275e-01	2.000000000000000000e+00
-1.876045348726549378e+00	9.413545196112651503e-01	2.000000000000000000e+00
4.240965483436776040e-01	6.718783976208207998e-01	3.000000000000000000e+00
8.831265910563933508e-01	1.380001079423126775e+00	2.000000000000000000e+00
1.208241946863388261e+00	3.884964039379646406e-01	3.000000000000000000e+00
-1.017122253516182129e+00	7.657869015568151694e-01	2.000000000000000000e+00
8.598371627756326574e-02	-3.455279650768416366e-01	2.000000000000000000e+00
-3.884526313129721409e-01	1.788913479774679738e+00	2.000000000000000000e+00
-7.083680663792520926e-01	-1.098633215563419530e+00	2.000000000000000000e+00
-1.446482390693955455e+00	-6.888546974341118734e-01	3.000000000000000000e+00
-1.641521362640036896e+00	-1.343261400877672207e+00	3.000000000000000000e+00
-1.029632057107763288e+00	2.451264276896965022e+00	2.000000000000000000e+00
-8.546828326701149114e-01	-3.236130851859239099e-01	2.000000000000000000e+00
-1.274736890588424432e+00	-2.893436834011479664e-01	2.000000000000000000e+00
2.758014752955598503e+00	4.211761976927421575e-02	2.000000000000000000e+00
-7.355056734374790239e-02	-5.524637593369858823e-01	3.000000000000000000e+00
2.274754659625258524e-01	-4.432230751115595058e-01	2.000000000000000000e+00
-1.759050727335320419e+00	1.556128471028871196e+00	2.000000000000000000e+00
1.694334161743777267e+00	-4.754321703811524857e-01	2.000000000000000000e+00
-1.477030010445000929e+00	1.284483469975503889e+00	2.000000000000000000e+00
-1.077808868218744554e+00	1.081843142881774966e+00	2.000000000000000000e+00
-1.218552573985208998e+00	-2.927931278526444969e-01	3.000000000000000000e+00
-2.515186964985772544e+00	7.132192880970942284e-01	2.000000000000000000e+00
-2.926917436576261800e+00	-9.666993989206312810e-01	3.000000000000000000e+00
-2.942553690375461439e+00	-6.304234540995689029e-01	2.000000000000000000e+00
-2.185627611432416462e+00	4.185248979249090451e-01	2.000000000000000000e+00
-1.178298813212227625e+00	8.375068096969454645e-01	2.000000000000000000e+00
-1.248214062587788664e+00	9.173050799028752422e-01	2.000000000000000000e+00
-1.481591165038183444e+00	-2.953333722785400073e-01	3.000000000000000000e+00
1.334205037412584005e+00	-1.180738133317598582e+00	3.000000000000000000e+00
2.232946469162557346e+00	1.492029649403231906e+00	3.000000000000000000e+00
-1.682851420269828147e+00	-5.623223098550999000e-01	3.000000000000000000e+00
-1.799434884193201967e+00	6.649495490148101817e-01	2.000000000000000000e+00
6.964004193929428377e-01	4.061870652134068616e-01	3.000000000000000000e+00
6.964004193929428377e-01	4.061870652134068616e-01	3.000000000000000000e+00
-1.706485444583668798e+00	-9.404773968996830158e-01	2.000000000000000000e+00
6.341755153964532266e-01	1.381737532480034947e+00	3.000000000000000000e+00
-1.628509479573523322e+00	9.971868303454715088e-01	2.000000000000000000e+00
-1.794397492489291590e+00	1.104956205800071700e+00	3.000000000000000000e+00
-4.158857278402152136e-01	8.082290483970497874e-01	2.000000000000000000e+00
-1.656613526190047203e+00	1.654843785551832314e+00	2.000000000000000000e+00
-1.255903097075336428e+00	1.445001846766546194e+00	3.000000000000000000e+00
-1.213982795758770772e+00	1.544722943088019607e+00	3.000000000000000000e+00
-1.704869365318529395e+00	1.655929354522931440e+00	2.000000000000000000e+00
-1.760318905955698732e+00	1.898374776616621906e+00	2.000000000000000000e+00
1.233632522513400609e+00	1.886023210653249071e+00	3.000000000000000000e+00
2.618892523957018437e+00	2.202664974989243962e+00	2.000000000000000000e+00
1.100810318535804910e+00	5.576133288475333509e-03	2.000000000000000000e+00
8.020715772813861166e-01	2.868105526320597232e+00	2.000000000000000000e+00
-8.892841800563380250e-01	2.882011610386252531e+00	2.000000000000000000e+00
-1.064447011423151901e+00	2.678507603895877942e+00	2.000000000000000000e+00
-1.507864388602622840e+00	-2.371107000294649103e-01	3.000000000000000000e+00
-1.263160304588172300e+00	3.970344611755902142e-01	2.000000000000000000e+00
5.556570919187596713e-01	1.707417636306856279e+00	2.000000000000000000e+00
-1.647561522349343610e+00	1.839347901478133596e-01	3.000000000000000000e+00
-3.520348142484927556e-01	-5.908874205408412017e-01	2.000000000000000000e+00
4.196214535402568724e-01	-1.161801016248297680e+00	3.000000000000000000e+00
5.009219088019002397e-01	-1.128141382938206316e+00	3.000000000000000000e+00
-9.200975238433276027e-02	-5.320089237183079911e-01	3.000000000000000000e+00
-9.937579830448828311e-01	-1.360062546484295920e+00	2.000000000000000000e+00
-1.432530631089031226e-01	1.960624447209753651e-01	2.000000000000000000e+00
1.442196075112693321e-01	-3.464097388590879345e-01	2.000000000000000000e+00
3.363095505119403361e-01	-6.931644950300079877e-01	3.000000000000000000e+00
-2.162756841087665541e-02	-4.217702878105483166e-01	3.000000000000000000e+00
-2.291742527889798764e-01	-3.549832611237183078e-01	2.000000000000000000e+00
-1.040175753932809588e+00	-8.449503424500617310e-01	2.000000000000000000e+00
-6.983305924061273817e-01	-4.097797239048281415e-01	2.000000000000000000e+00
-2.262329001370825932e+00	-1.234227300329215016e+00	3.000000000000000000e+00
-1.450567861669756820e+00	8.620493975442157231e-01	2.000000000000000000e+00
-1.595239544292927025e+00	1.120720288559753780e-01	2.000000000000000000e+00
-1.437310806139730834e+00	-1.001917424009072022e+00	2.000000000000000000e+00
-1.518318952086495699e+00	-1.713185906252955082e+00	2.000000000000000000e+00
2.115285378058679722e-01	-1.306449990415173568e-01	2.000000000000000000e+00
-7.883059129775378537e-02	-5.697561356323821435e-01	2.000000000000000000e+00
5.551835886591232061e-01	-1.941270717591485839e+00	3.000000000000000000e+00
-3.277540729771151184e-01	6.424713907199745000e-01	2.000000000000000000e+00
-2.210488223793337023e-02	3.011565488474287622e-01	2.000000000000000000e+00
-7.301258061512299058e-01	-1.110182286219946413e+00	3.000000000000000000e+00
5.761586470651297587e-01	-1.908209108968651257e+00	2.000000000000000000e+00
-6.977275182456591507e-01	-1.635871930503632221e+00	3.000000000000000000e+00
-8.363124365712912289e-02	-1.494277464602133509e+00	2.000000000000000000e+00
4.238821551121260134e-01	-9.781535359265206564e-01	2.000000000000000000e+00
4.051890267802598644e-01	-3.937010804036179534e-01	3.000000000000000000e+00
6.616877098234876797e-01	-1.703515929743661950e-01	3.000000000000000000e+00
3.480216575065593343e-01	5.781595831719896911e-02	2.000000000000000000e+00
2.340505627732795135e-01	-4.539636550983335295e-01	2.000000000000000000e+00
-1.271273250896660378e-01	1.162468910483525297e+00	3.000000000000000000e+00
-1.060505555209404704e+00	-4.046583246001936307e-01	3.000000000000000000e+00
-1.426604707317888021e+00	9.909069272726390709e-01	2.000000000000000000e+00
-1.593394958651866311e+00	7.455897047242663334e-01	3.000000000000000000e+00
-7.546797456045687413e-01	3.371985762436779943e+00	2.000000000000000000e+00
2.849376956323102505e-01	-9.186112774112498158e-01	3.000000000000000000e+00
8.977368776294387676e-01	8.970694841254783780e-01	2.000000000000000000e+00
1.495141058403961942e+00	1.120083707152035091e+00	2.000000000000000000e+00
2.022911539279430571e+00	1.779743766368099056e+00	2.000000000000000000e+00
1.568048375732606359e-01	-5.308703654916592241e-01	3.000000000000000000e+00
8.661598929614823875e-03	-3.187921556727999484e-01	2.000000000000000000e+00
-4.683097713653853189e-01	-2.704266292835869577e-03	2.000000000000000000e+00
1.252647810383216598e+00	2.069359333108105936e+00	2.000000000000000000e+00
8.444001619329793984e-01	8.774934850137320330e-01	2.000000000000000000e+00
8.215121078528297982e-01	2.433291106899985401e+00	3.000000000000000000e+00
-4.694241168198371450e-01	2.343744156345290541e+00	2.000000000000000000e+00
-1.137730210639465778e+00	1.341880483030343019e+00	2.000000000000000000e+00
-1.389699694772622784e+00	-1.089260745138251885e+00	3.000000000000000000e+00
-2.020217318864752531e+00	-2.587633352674919562e-01	3.000000000000000000e+00
-1.412498875702541845e+00	7.760261969620237954e-01	3.000000000000000000e+00
6.504716005564180337e-02	-1.665272574262883332e+00	2.000000000000000000e+00
-9.459285409382122145e-01	-1.138362870384968639e+00	2.000000000000000000e+00
1.208008999015846713e-01	-1.905108320776595976e+00	2.000000000000000000e+00
7.140758307256731552e-01	-1.994744930397798210e+00	2.000000000000000000e+00
7.577537763937930437e-01	7.617472194146680531e-01	2.000000000000000000e+00
1.183612225006260399e+00	-1.564018737055282049e+00	2.000000000000000000e+00
1.166689124263173394e+00	7.391968597192158374e-02	2.000000000000000000e+00
1.180423346429991360e+00	1.070955136361152249e+00	3.000000000000000000e+00
1.698924642428550902e+00	7.882231888773824080e-01	3.000000000000000000e+00
1.891637738167844862e+00	1.787522679015712546e-01	2.000000000000000000e+00
1.961444507832693418e+00	5.434814297845685926e-01	3.000000000000000000e+00
-6.389991669531513985e-01	-7.216383119949607572e-01	2.000000000000000000e+00
4.323805138982786400e-01	-1.575375823599274971e+00	2.000000000000000000e+00
4.323805138982786400e-01	-1.575375823599274971e+00	2.000000000000000000e+00
4.691805817367096787e-01	-2.046133203265700029e+00	3.000000000000000000e+00
1.962614968237556434e+00	-4.748480058781997526e-01	2.000000000000000000e+00
2.233365147346761503e+00	9.214808301208291530e-01	2.000000000000000000e+00
7.527699469020060485e-01	-7.712177154612732677e-01	3.000000000000000000e+00
-1.184464274024625619e+00	4.441427270107797809e-02	2.000000000000000000e+00
-2.417448533268184541e+00	5.192053630752053728e-01	3.000000000000000000e+00
-2.092927411574284857e+00	-6.694718372098121817e-01	2.000000000000000000e+00
-1.841713303531852253e+00	-3.170253090467088919e-01	3.000000000000000000e+00
-2.154281308540283213e+00	7.402059591786582793e-01	2.000000000000000000e+00
-8.018447766227355944e-02	-9.878665513159712308e-01	2.000000000000000000e+00
-8.018447766227355944e-02	-9.878665513159712308e-01	2.000000000000000000e+00
1.408591707384638569e+00	-1.113298788362871328e+00	3.000000000000000000e+00
3.074994274464928901e-01	2.755037451890199218e+00	3.000000000000000000e+00
-1.643495543655312252e+00	1.778659136541239638e+00	2.000000000000000000e+00
-1.311617752451519792e+00	1.040980772746066485e+00	3.000000000000000000e+00
-9.352132824106385023e-01	8.690029395701798220e-01	2.000000000000000000e+00
-8.683696357060638471e-01	3.516589204501427424e-02	3.000000000000000000e+00
-1.743083867631385786e+00	5.750032070630657355e-01	2.000000000000000000e+00
-4.725235072403290992e-01	2.392459604772892323e+00	3.000000000000000000e+00
-2.251704838927691910e+00	-4.716546871235464122e-01	3.000000000000000000e+00
-1.424516043087278527e+00	1.638644350126088334e+00	2.000000000000000000e+00
-6.064716699103468445e-01	4.049051339337745303e-01	2.000000000000000000e+00
-2.253316511007177780e+00	-2.648960724855458637e-01	2.000000000000000000e+00
-3.356972026265649500e+00	-1.625456849978380358e+00	2.000000000000000000e+00
-2.322945481854848726e+00	3.697124074926213533e-01	3.000000000000000000e+00
-1.665895712202765777e+00	-7.066878345994550559e-01	2.000000000000000000e+00
-2.324234673334744983e+00	-1.637206980924835187e-01	3.000000000000000000e+00
-1.963036491259406047e+00	1.145588281393579155e+00	3.000000000000000000e+00
-9.547156243374121942e-01	2.265702991978750802e+00	2.000000000000000000e+00
-1.022259211056040673e+00	7.155172643668789023e-01	3.000000000000000000e+00
-1.895504784445525059e+00	-1.213088998234878924e+00	3.000000000000000000e+00
2.155473309491771960e+00	3.759419944723874085e-01	2.000000000000000000e+00
-3.741772794906898514e-01	-1.325513808708316699e+00	3.000000000000000000e+00
-1.513891009826730638e+00	-2.107808526565746465e+00	2.000000000000000000e+00
-1.440712639722537158e+00	-2.184201752575332556e+00	3.000000000000000000e+00
-1.219507021333527258e-01	-1.051837750883431788e+00	3.000000000000000000e+00
-1.942343802127684954e-02	-9.796991688588014835e-01	2.000000000000000000e+00
-1.840933427849221482e-01	-5.355801939768078945e-01	2.000000000000000000e+00
-2.528973789154320140e-01	1.095702652480828654e+00	3.000000000000000000e+00
-9.705453684102534340e-02	7.406244096331707771e-01	2.000000000000000000e+00
4.259237976639616563e-01	-1.347943044474986474e+00	3.000000000000000000e+00
8.858194924136618686e-01	1.953529297452120950e-01	3.000000000000000000e+00
-8.511365140340316771e-01	8.771214832967728914e-02	3.000000000000000000e+00
-9.522585415833687561e-01	-1.052560723421172684e+00	3.000000000000000000e+00
-4.439460385179542001e+00	-2.608320674989803578e+00	3.000000000000000000e+00
-2.905417619259230477e+00	-9.716830071416814318e-01	2.000000000000000000e+00
-6.739438326163657011e-01	6.213201143909342639e-01	2.000000000000000000e+00
7.424600990770906517e-01	-9.107562320264345201e-01	3.000000000000000000e+00
1.075895736621673260e+00	-1.164931785345795223e+00	3.000000000000000000e+00
2.003770756688412646e+00	1.158800006206240685e+00	3.000000000000000000e+00
7.454479695691381691e-01	-2.039158515762297785e+00	3.000000000000000000e+00
1.668515538707335821e+00	-1.281758189926742508e+00	3.000000000000000000e+00
1.955861960691004597e+00	1.300335877027790910e-01	2.000000000000000000e+00
1.380800077075327481e+00	-1.793054413013154547e-01	2.000000000000000000e+00
1.791113335403725193e+00	1.295474852251692344e+00	2.000000000000000000e+00
-1.363670439005178148e+00	1.457724722772866244e+00	3.000000000000000000e+00
1.471685257169911831e-01	-1.262072023621603645e+00	3.000000000000000000e+00
-5.282224346002321047e-01	-1.508418997286132601e+00	3.000000000000000000e+00
-5.687289943942887005e-01	-6.929850773377645989e-01	2.000000000000000000e+00
4.426155496821300162e-01	-6.801521712852264256e-01	2.000000000000000000e+00
-1.106187013059310775e+00	1.354746381400238064e+00	2.000000000000000000e+00
-1.442206055380916008e-01	5.354564068824532175e-01	3.000000000000000000e+00
-1.303062189630105339e+00	-7.234835566777193527e-01	3.000000000000000000e+00
4.017716647433676735e-01	-3.981574756440753871e-01	2.000000000000000000e+00
-9.625047942907929421e-01	8.615799117867490864e-01	2.000000000000000000e+00
-1.220380431184264092e+00	1.400240772306563297e+00	2.000000000000000000e+00
-7.964353606175040845e-01	1.288688156230893833e+00	2.000000000000000000e+00
-9.937638947614705343e-01	1.780963537045854306e-01	2.000000000000000000e+00
-4.510371417445883657e-01	-9.532646399973609963e-01	2.000000000000000000e+00
1.051831472200735140e+00	-1.159496566671195827e+00	3.000000000000000000e+00
-6.678110919305584314e-01	-1.094320364471166318e+00	3.000000000000000000e+00
-3.149582645641279544e-01	-8.845325215359368665e-01	3.000000000000000000e+00
-9.116129109975164013e-01	-5.229051382237714929e-01	3.000000000000000000e+00
1.599915983781749373e+00	-3.292974542119292414e-01	2.000000000000000000e+00
1.157567808499583989e-01	-7.927962773765727666e-01	2.000000000000000000e+00
6.068265791108118368e-01	-1.183334658813740559e+00	3.000000000000000000e+00
-4.587513957161920009e-01	3.545909533861899554e-01	2.000000000000000000e+00
8.181501305733037688e-01	1.354029636703547146e+00	2.000000000000000000e+00
-2.179848778932303333e+00	-1.015757410822268447e+00	2.000000000000000000e+00
7.875201656200962741e-02	3.756007552437089919e-02	3.000000000000000000e+00
-5.490061647172609360e-01	-7.383212734451377601e-01	3.000000000000000000e+00
4.913633958392849554e-01	3.486260635928765672e-01	2.000000000000000000e+00
1.136014018395141267e+00	-7.548234143889180903e-01	2.000000000000000000e+00
-2.097034300436370291e+00	4.978132289262622856e-01	3.000000000000000000e+00
-1.954821451777835950e+00	8.781705446395049464e-01	3.000000000000000000e+00
8.960193371505673632e-01	-9.868984343069434617e-01	2.000000000000000000e+00
1.014046375424497048e+00	-6.854037267751000861e-01	2.000000000000000000e+00
4.614883422215668718e-01	2.269296992243510669e+00	2.000000000000000000e+00
-2.684399016034424296e-02	-1.688782460171110111e+00	3.000000000000000000e+00
-7.460335802726150711e-02	-1.013933812631897302e+00	2.000000000000000000e+00
-5.335725776361174288e-01	-7.833427890050889131e-01	2.000000000000000000e+00
2.729737977195352827e-01	6.817981201204669217e-01	3.000000000000000000e+00
-6.861129433355355189e-01	-2.002511897035573529e+00	3.000000000000000000e+00
-1.211314452389988139e+00	7.492567476070777222e-01	2.000000000000000000e+00
-1.146895256555354958e+00	1.135865250196336662e+00	2.000000000000000000e+00
-5.903622527759230798e-02	-3.411110709535117858e-01	3.000000000000000000e+00
-4.397623126729033327e-02	-9.701786206679062496e-02	3.000000000000000000e+00
-1.690732804194388927e-01	1.561623944726395763e-01	2.000000000000000000e+00
-2.352819425650871654e+00	-8.465382687577215348e-01	3.000000000000000000e+00
-2.368455679450071738e+00	-5.102623239366588237e-01	2.000000000000000000e+00
-7.252847299414335591e-01	4.536308355397652980e-01	3.000000000000000000e+00
-1.554273799302737791e+00	1.229325970184713679e-01	3.000000000000000000e+00
-2.247594776314314480e+00	-5.641628104449804004e-01	2.000000000000000000e+00
-1.821672504248214475e+00	1.569807419184093389e+00	2.000000000000000000e+00
-1.530921104740170235e-01	1.594480892264078964e+00	2.000000000000000000e+00
-1.249954075455533831e+00	-7.114578133675264482e-01	2.000000000000000000e+00
6.237415906563986701e-01	-2.364933177458808711e+00	3.000000000000000000e+00
-1.445770712326445384e+00	-5.478638859185005483e-01	2.000000000000000000e+00
5.023460830816921519e-01	-1.725392411284742300e+00	3.000000000000000000e+00
7.753148939594295408e-01	2.564406977428198342e+00	2.000000000000000000e+00
1.489388167390572004e+00	1.550184843832990156e+00	2.000000000000000000e+00
1.489388167390572004e+00	1.550184843832990156e+00	2.000000000000000000e+00
8.864383571703996489e-01	2.545711733284095057e+00	2.000000000000000000e+00
9.581811857329596283e-01	-1.760963226301969220e+00	3.000000000000000000e+00
-1.387721000417467154e+00	-2.991458863236138743e+00	3.000000000000000000e+00
8.860773817854791234e-01	6.282660734721171591e-01	3.000000000000000000e+00
1.249807279285617190e+00	-8.807759200178961745e-01	3.000000000000000000e+00
3.216364518229075653e-01	-1.724457336585950795e+00	3.000000000000000000e+00
-2.339671924765675204e+00	-6.785655429424001239e-01	2.000000000000000000e+00
-2.308167229562049005e+00	-8.072670440191755947e-01	2.000000000000000000e+00
-1.740159537786080124e+00	1.073767354486879100e+00	3.000000000000000000e+00
-2.187043126931286441e+00	1.894951588583317026e+00	2.000000000000000000e+00
6.416137793933003319e-01	-8.584986959166273079e-01	3.000000000000000000e+00
4.874120728442178918e-01	-1.018292840213438355e-01	3.000000000000000000e+00
-7.204242216613070404e-01	-4.619082360631368012e-01	2.000000000000000000e+00
-7.191892163695036144e-01	-1.252988908469423013e+00	2.000000000000000000e+00
-4.349329109102970659e-01	-6.679313907278746631e-01	2.000000000000000000e+00
2.044717356147794998e-02	-1.149373099658010933e+00	2.000000000000000000e+00
1.107300239224405125e+00	9.701966753283012279e-01	2.000000000000000000e+00
8.601733410233329546e-02	-9.282110918673581734e-01	3.000000000000000000e+00
-2.806822761875007316e-02	-1.522549956639988489e+00	3.000000000000000000e+00
-2.756275531091370024e-01	-1.715621023045489357e+00	2.000000000000000000e+00
-8.435545260908054732e-02	-2.804764018322682961e-01	3.000000000000000000e+00
-1.528942181753964569e+00	2.091797684344523234e-01	3.000000000000000000e+00
9.985810540123488677e-01	-1.368247559953259973e+00	2.000000000000000000e+00
3.369171330917127283e-01	-1.235640728233732055e+00	3.000000000000000000e+00
1.998085190891766005e-01	1.663740739902978272e-01	2.000000000000000000e+00
4.465533166919351538e-01	-1.189190405800719663e+00	2.000000000000000000e+00
4.186138899425914661e-01	-1.104981307765263487e+00	2.000000000000000000e+00
1.218075102400436593e+00	1.601258076791683305e+00	2.000000000000000000e+00
5.567798685254069513e-01	7.676495100311290232e-01	2.000000000000000000e+00
-6.951797432205526761e-02	-4.973114064464950190e-01	2.000000000000000000e+00
-3.374481464637195116e-01	1.871732830737030395e-01	3.000000000000000000e+00
-6.076575697508043161e-01	-1.577074685987384539e+00	3.000000000000000000e+00
-7.368847753961552671e-01	-1.219033649288230881e-01	3.000000000000000000e+00
-1.997566853655533103e+00	3.711274869019367539e-01	2.000000000000000000e+00
1.124478416005238568e+00	-4.826727102206840869e-01	2.000000000000000000e+00
1.183007786021072372e+00	-2.124867267913705116e-01	2.000000000000000000e+00
3.096197518696691131e-01	-2.010865229997477854e+00	3.000000000000000000e+00
2.262029463230071369e-01	-1.073079388725762362e+00	2.000000000000000000e+00
8.950334215108950442e-01	1.222643432744673353e+00	2.000000000000000000e+00
1.903179317007499538e+00	-8.521264968642544568e-02	2.000000000000000000e+00
8.369048918402016701e-01	1.860947160470435957e+00	2.000000000000000000e+00
-1.410119443487001245e-01	-1.307508662837188806e+00	2.000000000000000000e+00
4.378351789060527244e-01	-2.508938142846401931e+00	3.000000000000000000e+00
4.537362096074541995e-01	-1.598054008818546645e+00	2.000000000000000000e+00
1.090878280852976001e+00	1.542198303661135306e-01	2.000000000000000000e+00
-2.573832745940821010e+00	-9.030958975646949938e-01	2.000000000000000000e+00
-1.700851073787191137e+00	6.439937140133166205e-01	2.000000000000000000e+00
-1.912513849705466951e-01	-1.802273247136618739e+00	3.000000000000000000e+00
-5.995894018969408212e-02	-1.604213538672656147e+00	2.000000000000000000e+00
3.921717239886703399e-01	7.032099011308284853e-01	2.000000000000000000e+00
-1.857604145723610101e+00	8.560728038308585974e-01	3.000000000000000000e+00
-1.117287217824484147e-01	-2.197853941908565201e+00	3.000000000000000000e+00
2.676851374231175029e-01	2.186516185883810692e+00	2.000000000000000000e+00
9.793147064009117830e-01	1.223544571257271230e+00	2.000000000000000000e+00
1.875119762677436297e+00	4.257768675200716557e-01	3.000000000000000000e+00
-6.918194070999040823e-01	-1.616811025736128116e+00	3.000000000000000000e+00
-1.714362185924173332e+00	2.723951673403753049e-02	2.000000000000000000e+00
-1.681679434015855401e+00	1.832239173078854533e+00	2.000000000000000000e+00
1.847045359656389885e-01	-1.609488047125592070e-01	3.000000000000000000e+00
-1.915051423876306336e+00	3.759390903118029481e-01	3.000000000000000000e+00
3.630156862131480033e-01	3.126448295700585134e-01	3.000000000000000000e+00
7.945902266839075523e-01	-1.974214068747970119e+00	3.000000000000000000e+00
4.336245043143256428e-01	-3.905208686692374642e-01	2.000000000000000000e+00
-1.721730158095172936e+00	4.065582322657969039e-01	2.000000000000000000e+00
-5.713196875153231380e-01	-1.240703630765245480e+00	2.000000000000000000e+00
6.222250556440529490e-01	-9.835460337910200135e-01	2.000000000000000000e+00
-4.042443846329112911e-01	-6.310198573408813960e-01	3.000000000000000000e+00
-4.042443846329112911e-01	-6.310198573408813960e-01	3.000000000000000000e+00
-1.171685673452319998e+00	-5.826070725589680421e-01	2.000000000000000000e+00
-2.334238700423299395e+00	-1.596159669261970393e+00	3.000000000000000000e+00
3.600213757182606222e-02	4.203130871175150829e-01	2.000000000000000000e+00
2.495993882046164403e-01	-6.651291141263478979e-01	2.000000000000000000e+00
6.081202983999024481e-01	-2.218376630872478827e+00	3.000000000000000000e+00
4.284729587469615630e-01	-9.315449868387604138e-01	3.000000000000000000e+00
3.838799284962411962e-01	-1.592249226657943773e+00	3.000000000000000000e+00
-1.649632327543283650e-01	-1.374091777638011935e+00	2.000000000000000000e+00
-8.224076138178627871e-02	-9.959556594095665405e-01	3.000000000000000000e+00
-5.202368502205336753e-01	-1.472336262755698399e+00	2.000000000000000000e+00
2.982126287605017523e-01	-1.084750873444840780e+00	2.000000000000000000e+00
9.526750148755575021e-01	-3.124268131497815598e-02	2.000000000000000000e+00
4.754538387792548448e-01	1.158012515462532699e+00	3.000000000000000000e+00
1.368553815775487847e-01	-1.598457554627779276e+00	3.000000000000000000e+00
8.954778459192872520e-01	-2.137646210369788524e-01	2.000000000000000000e+00
-2.277891874979762199e-01	-1.454746004346710642e+00	2.000000000000000000e+00
-1.594336471502016739e+00	2.999860325702494168e-01	2.000000000000000000e+00
-1.219287700720725454e+00	5.104685248424092325e-01	2.000000000000000000e+00
1.371434682705073849e-01	-1.518497713770121216e+00	3.000000000000000000e+00
-8.895371384846003648e-01	3.392939752910915097e-01	2.000000000000000000e+00
-5.677339696649829487e-02	-9.240293210721766126e-01	2.000000000000000000e+00
-2.900713335156637207e+00	-4.296181430742687657e-01	3.000000000000000000e+00
-1.480262360377520903e+00	1.895447871328860501e+00	2.000000000000000000e+00
-2.244099980735559718e+00	8.267541310351343986e-01	2.000000000000000000e+00
-8.157627139367154001e-01	-4.458444867591049854e-01	3.000000000000000000e+00
-1.062555676434597141e+00	-6.044772327225630404e-01	3.000000000000000000e+00
-9.658611504110352630e-01	2.246600373560688535e+00	2.000000000000000000e+00
-1.353028551801079171e+00	6.948468478142759697e-01	3.000000000000000000e+00
-1.114065919389768178e+00	-1.353316150090349668e+00	3.000000000000000000e+00
1.391445294226459350e-01	-8.286782355518169663e-01	2.000000000000000000e+00
3.417366133931911132e-01	1.262636577102111524e+00	3.000000000000000000e+00
-7.969773895749953097e-01	1.575545714179107826e+00	2.000000000000000000e+00
-1.507239928370462501e+00	1.178344726515211160e+00	3.000000000000000000e+00
-8.616829894623039277e-01	1.473778319905145295e+00	2.000000000000000000e+00
-1.053834611382447495e+00	3.767143613021177284e+00	2.000000000000000000e+00
-2.596838771461794870e+00	-5.164671117931439737e-01	3.000000000000000000e+00
-2.340519377574652449e+00	6.439318927039201501e-01	3.000000000000000000e+00
-1.901048842960388008e+00	-1.107437194398301461e+00	3.000000000000000000e+00
-1.096432695111551281e+00	2.595727005838203372e+00	2.000000000000000000e+00
-1.222354594160115937e+00	1.019954885192255301e+00	2.000000000000000000e+00
1.335527824408810627e-01	-8.077249523670282372e-01	2.000000000000000000e+00
1.386794250044266485e+00	2.353103688951084571e+00	3.000000000000000000e+00
-4.045365533515268841e-01	1.568738126116131948e+00	3.000000000000000000e+00
7.543655622570029085e-01	5.578108473665373268e-02	2.000000000000000000e+00
-9.934939951859317331e-01	2.243707250279811660e+00	2.000000000000000000e+00
4.493798858139566477e+00	2.005868864092213322e+00	2.000000000000000000e+00
3.610409393774520748e+00	-1.357945436086932300e+00	3.000000000000000000e+00
3.325993485830972762e+00	2.669467877076335594e+00	2.000000000000000000e+00
-1.246420345067014823e+00	2.432420383380698325e+00	2.000000000000000000e+00
2.090033045126800548e+00	-1.203074034958914851e+00	3.000000000000000000e+00
2.278174450251789107e+00	-1.825480266248549421e+00	3.000000000000000000e+00
2.383359104338423906e-01	-7.813344795362424655e-01	2.000000000000000000e+00
1.789644326993803602e+00	-1.213181859311443844e+00	3.000000000000000000e+00
-9.925411387398302976e-01	-1.348911747660841778e-02	3.000000000000000000e+00
2.331529077602603195e+00	-9.562435608894640504e-01	2.000000000000000000e+00
-5.016362567351722035e-01	-9.109575917113529320e-01	3.000000000000000000e+00
-1.194126242753953404e+00	-3.680289058683911541e-01	3.000000000000000000e+00
2.882441329897964533e+00	1.286389515549706930e+00	3.000000000000000000e+00
4.060902334099343314e+00	-3.029924658924745828e-01	3.000000000000000000e+00
7.873038239420858397e-02	1.475237905911511049e+00	2.000000000000000000e+00
3.183356332823611634e+00	-1.395448982512448866e-01	3.000000000000000000e+00
1.979298658116874554e+00	2.062344964584299500e+00	2.000000000000000000e+00
2.025038844247009528e+00	1.943211869167782158e-01	3.000000000000000000e+00
3.257955996483241190e+00	-1.034108636486289257e+00	2.000000000000000000e+00
3.195298462942070650e+00	-1.235256913454407801e+00	2.000000000000000000e+00
3.075943101702618865e+00	-8.378753578639986932e-01	2.000000000000000000e+00
7.350441873183753694e-02	-4.237701092284609783e-01	3.000000000000000000e+00
2.342326963228771319e+00	-5.342717842953970120e-01	2.000000000000000000e+00
2.302353512662111079e+00	-5.812776480701788984e-01	3.000000000000000000e+00
6.181387822112067720e-01	-8.302154181580605474e-01	3.000000000000000000e+00
1.105675733124364540e-01	6.924575543318451931e-01	2.000000000000000000e+00
1.268432066981481254e+00	-5.742985929571537973e-01	2.000000000000000000e+00
1.331217307917406389e-01	-6.278279865333418197e-01	3.000000000000000000e+00
-6.669256273335183449e-01	1.396713524848608223e+00	2.000000000000000000e+00
7.482331717838351937e-01	5.021616623957761982e-01	2.000000000000000000e+00
6.463997702864592299e-01	-4.237780309868187101e-01	3.000000000000000000e+00
1.880253500741351669e+00	-6.475010548790165466e-01	3.000000000000000000e+00
2.591654423160763887e+00	-4.556242245265963997e-01	2.000000000000000000e+00
2.685969156130886049e+00	1.876096674042920520e-01	2.000000000000000000e+00
2.133744056372289144e+00	3.026735502532188968e-02	3.000000000000000000e+00
2.673920742291338914e+00	7.599750635579123614e-02	2.000000000000000000e+00
2.734775517227476360e+00	3.001347519187250734e-01	3.000000000000000000e+00
1.829740676203380545e+00	-3.813596748224740152e-01	2.000000000000000000e+00
1.801297570010133686e+00	-3.795915950614742185e-01	2.000000000000000000e+00
2.632422322830335393e+00	-7.898512030597802935e-01	3.000000000000000000e+00
1.711732485361951550e+00	-1.085750390226478235e+00	3.000000000000000000e+00
1.779709101017957318e+00	-8.402719368279518708e-01	2.000000000000000000e+00
1.779709101017957318e+00	-8.402719368279518708e-01	2.000000000000000000e+00
2.078758609035340488e+00	-3.611271909245011846e-01	2.000000000000000000e+00
1.389730520780070755e+00	8.168425806954495716e-01	2.000000000000000000e+00
4.225241257491915148e-01	-1.190606911228285991e+00	3.000000000000000000e+00
1.605603077042905724e+00	-2.303373897565935136e-01	3.000000000000000000e+00
1.680422881082895392e+00	-6.846159684606912821e-01	3.000000000000000000e+00
1.918880034430411774e+00	-6.433785032422543182e-01	2.000000000000000000e+00
1.298846584781977231e+00	-8.685537859629404167e-01	3.000000000000000000e+00
1.612966027635614141e+00	-1.152090286673232322e+00	3.000000000000000000e+00
-1.428023317240214585e+00	-1.480416660539251694e+00	3.000000000000000000e+00
1.993654053170190066e+00	-1.324020688372204768e+00	3.000000000000000000e+00
2.412103745912769881e+00	-1.233987216937526554e+00	3.000000000000000000e+00
2.010761364769868553e+00	-1.605767490195003366e-01	3.000000000000000000e+00
-3.742786007107238300e-01	2.394875511316674643e+00	2.000000000000000000e+00
-5.339578985331066008e-01	1.565228153451224458e+00	2.000000000000000000e+00
-1.760279327351385259e+00	2.017436208650041918e-01	2.000000000000000000e+00
-1.611151107751897404e+00	-1.510068094170886166e+00	3.000000000000000000e+00
3.922793503973147633e+00	3.705116126049965430e-01	3.000000000000000000e+00
-1.604805711000876212e+00	-3.263852425675417557e-01	2.000000000000000000e+00
-1.986120520729077521e+00	6.005819380327587220e-01	3.000000000000000000e+00
1.094313943453374127e-01	-7.817045182853253893e-01	2.000000000000000000e+00
-4.587922461724339152e-01	8.131344116012009238e-01	2.000000000000000000e+00
-1.439674047964788928e+00	2.067899771376293661e+00	2.000000000000000000e+00
-1.741936680031325402e+00	-1.036630650034639167e+00	2.000000000000000000e+00
-1.531526838832067972e+00	-7.012163405744402667e-01	2.000000000000000000e+00
-1.146060755098315953e+00	-2.215059446995316927e-01	3.000000000000000000e+00
-2.850019302454279146e-01	-7.217089863595499422e-01	3.000000000000000000e+00
2.083314671874876733e+00	-1.008237969471771800e+00	2.000000000000000000e+00
2.042925788874466964e+00	-9.532552079083542740e-01	3.000000000000000000e+00
1.716174906269648970e+00	-1.560063628692145210e+00	3.000000000000000000e+00
1.833305872347235077e+00	-1.499169051427321708e+00	3.000000000000000000e+00
8.958265510198046844e-01	-2.013171198813376694e+00	3.000000000000000000e+00
2.099459059288029117e+00	8.719092250823691215e-01	2.000000000000000000e+00
5.693514456500299303e-01	-1.375035754201057392e+00	2.000000000000000000e+00
1.195865026714233670e+00	-1.565037128445781578e+00	3.000000000000000000e+00
2.874905470082501635e-01	-3.740287033308155595e-01	2.000000000000000000e+00
8.148608896166797955e-01	3.847342911366867513e-02	2.000000000000000000e+00
1.399940409656339479e+00	-4.326178559036747973e-01	2.000000000000000000e+00
5.523591634589405386e-01	5.154527586428357955e-01	2.000000000000000000e+00
-2.133388354516488672e+00	-1.475274455297814757e+00	3.000000000000000000e+00
-1.669191319531271311e+00	-3.719327358292540686e-01	2.000000000000000000e+00
1.604296061399739459e+00	2.098012922525315016e+00	3.000000000000000000e+00
8.975801505624301235e-01	2.137509701084642444e+00	3.000000000000000000e+00
6.359623383022607879e-01	-1.521711921483328567e-01	2.000000000000000000e+00
-1.076428492644671220e+00	-1.353796253126338112e+00	2.000000000000000000e+00
-1.400095706785988936e+00	1.249548455394218216e+00	3.000000000000000000e+00
-5.515366754690167461e-01	1.577125823793105397e+00	2.000000000000000000e+00
-2.793933688668964188e-01	1.885864697930281997e+00	2.000000000000000000e+00
9.575276100378624644e-01	6.793602901982082054e-01	3.000000000000000000e+00
1.150882024108078383e+00	8.263975458376662253e-01	3.000000000000000000e+00
-3.797490475143523891e+00	-1.210141166078371189e-01	2.000000000000000000e+00
-9.041819966059425617e-01	1.668528915126602508e+00	2.000000000000000000e+00
9.364398089771337752e-02	1.496922880818955859e+00	2.000000000000000000e+00
4.798348822391919066e-01	1.171961780704505962e+00	3.000000000000000000e+00
-1.215588405582504139e+00	1.068413542622787649e+00	3.000000000000000000e+00
-9.747551808928857087e-01	-3.557643235080315547e-02	2.000000000000000000e+00
3.354227291838907110e-01	6.466178226813750207e-01	3.000000000000000000e+00
-6.941152443097230451e-01	1.951448896104990505e+00	2.000000000000000000e+00
-6.018514100114614740e-01	1.535484130304260786e+00	2.000000000000000000e+00
8.955929537451028377e-01	-1.178493634654636857e+00	3.000000000000000000e+00
8.762776574369660620e-01	-8.816590672000866880e-01	3.000000000000000000e+00
7.267003491660658510e-01	-8.170838836365321711e-01	3.000000000000000000e+00
5.556019631576797346e-01	4.155263620570284755e-02	2.000000000000000000e+00
-5.834380233955100969e-01	-9.995725751346797860e-01	3.000000000000000000e+00
-2.599596669585777065e+00	-1.368349375748395547e+00	2.000000000000000000e+00
5.112006627146029603e-01	-1.691928489565416305e+00	3.000000000000000000e+00
-1.138294686858612043e-01	6.221316502539099291e-01	2.000000000000000000e+00
3.345952068183449812e-01	7.431861081117526746e-01	2.000000000000000000e+00
-2.579614694366040295e-01	1.187459658001099871e+00	2.000000000000000000e+00
6.182353446647467221e-01	1.032380945039248044e+00	3.000000000000000000e+00
1.071235035908730815e+00	3.574166910141803211e+00	2.000000000000000000e+00
-1.969446909511959054e-01	8.716683126638672396e-01	3.000000000000000000e+00
9.993298925849859737e-02	2.589293336226400122e+00	2.000000000000000000e+00
-5.749737194317532385e-01	1.231329593093431901e-01	2.000000000000000000e+00
4.541543933679023648e-01	1.861836805622067770e+00	3.000000000000000000e+00
-1.749515586589869720e+00	-5.328876855732930795e-02	2.000000000000000000e+00
-2.048572021862701042e+00	-6.959244843746006381e-01	2.000000000000000000e+00
-2.071056917775720319e+00	-1.519698945675003632e+00	3.000000000000000000e+00
-2.539540709457646095e+00	-5.990923529156298721e-02	2.000000000000000000e+00
-2.649187606279090001e+00	-7.877542537156990710e-01	2.000000000000000000e+00
1.388487707715976294e+00	-9.405312701937567077e-01	3.000000000000000000e+00
-2.212983317830511165e+00	-1.248380338283557656e+00	3.000000000000000000e+00
-1.899919938156942489e+00	-5.988557706060448904e-01	3.000000000000000000e+00
-9.520826083423462594e-01	8.415124017671786749e-01	3.000000000000000000e+00
-8.427305790348948999e-01	1.845626113425956394e+00	2.000000000000000000e+00
1.027240174918366833e+00	-8.837323318148948559e-01	2.000000000000000000e+00
-7.735425534241157086e-01	-1.616698980137247776e+00	2.000000000000000000e+00
-2.201987949520076704e+00	7.846250562872524315e-01	2.000000000000000000e+00
3.093951388986613260e+00	3.314006546588308399e-01	2.000000000000000000e+00
3.329789599428681246e+00	5.074742432788217350e-01	2.000000000000000000e+00
1.790200069999481114e+00	2.554869314495298749e+00	3.000000000000000000e+00
2.988961971915330640e+00	-1.158599018278744897e+00	3.000000000000000000e+00
3.979688441003719657e+00	-6.606302430633170797e-01	2.000000000000000000e+00
3.452937010845217092e+00	-1.424131325839534279e+00	2.000000000000000000e+00
3.312505704982286137e+00	1.080817472132484136e+00	2.000000000000000000e+00
-1.814562441915698043e+00	1.205493403375039116e-02	3.000000000000000000e+00
-1.364124609989943560e+00	-5.065522042704555528e-01	2.000000000000000000e+00
2.924243357715861968e+00	3.911341755788103614e-01	2.000000000000000000e+00
3.190377462996728308e+00	-1.556873740823933705e+00	2.000000000000000000e+00
1.983774850220498820e+00	-1.716341122918949136e+00	3.000000000000000000e+00
1.205555862491044739e+00	-3.062177008683721446e+00	3.000000000000000000e+00
2.436634759400056360e+00	-2.224822322853630574e+00	3.000000000000000000e+00
2.085797444035466963e+00	-2.569869015738939666e+00	2.000000000000000000e+00
1.442698844357952037e+00	-1.729994188439196723e+00	2.000000000000000000e+00
2.724725586786144405e+00	-4.405086293788222362e-01	2.000000000000000000e+00
1.672546216149056297e+00	-9.953133716166939760e-01	2.000000000000000000e+00
1.672546216149056297e+00	-9.953133716166939760e-01	2.000000000000000000e+00
1.804141075127941196e+00	-2.533770797139647257e+00	4.000000000000000000e+00
2.841021397432035300e+00	1.243241237106144093e+00	2.000000000000000000e+00
3.922257754165050514e-01	-2.742402978506981004e+00	3.000000000000000000e+00
1.347072267865587980e+00	-1.036436131573264419e+00	2.000000000000000000e+00
1.278544491186146770e+00	-1.339873149019375154e+00	3.000000000000000000e+00
3.597167391506918221e+00	8.228394041269503356e-01	3.000000000000000000e+00
-4.089113360850893941e-01	-4.735678221131772170e-01	3.000000000000000000e+00
8.075405607856613877e-01	4.434297546377957033e+00	2.000000000000000000e+00
4.540681007553429849e-01	-1.591364901212942051e+00	3.000000000000000000e+00
2.445618977206448774e-01	-1.042214622348043740e+00	3.000000000000000000e+00
1.808002824801649089e+00	1.414852513996369909e+00	2.000000000000000000e+00
-6.907097839674734840e-02	-6.385668498911519775e-01	3.000000000000000000e+00
2.409958577641771460e-02	-1.541238861409504279e+00	3.000000000000000000e+00
-5.802649381532327677e-01	1.664402818739695311e-01	2.000000000000000000e+00
-2.136359223857756950e-01	-6.399540166472752478e-01	2.000000000000000000e+00
-1.136318422765859593e+00	1.960895769117979137e+00	3.000000000000000000e+00
-2.528540470644207616e+00	-9.979711874304876551e-02	2.000000000000000000e+00
-6.567109997145049727e-01	-6.916180809025419540e-01	2.000000000000000000e+00
-1.750721407775258198e+00	9.827265472110607858e-01	2.000000000000000000e+00
-1.812428743486149685e+00	4.967646978170951466e-01	2.000000000000000000e+00
-1.639969104545295764e+00	1.164660542416561473e+00	2.000000000000000000e+00
-2.228054239297516670e+00	-1.225568809669603104e-01	3.000000000000000000e+00
8.606027469045900435e-01	-2.310447264088407948e+00	3.000000000000000000e+00
8.606027469045900435e-01	-2.310447264088407948e+00	3.000000000000000000e+00
1.878747924604608377e+00	-1.928423653254608627e+00	3.000000000000000000e+00
2.897962541310889595e+00	1.057041753356965152e+00	2.000000000000000000e+00
-1.179795700921078966e-01	-1.018437795990129846e+00	3.000000000000000000e+00
1.396991267302669648e+00	-1.927493910201339700e-01	3.000000000000000000e+00
1.234216706652982110e+00	-1.552834835142231862e+00	2.000000000000000000e+00
8.920764410832942026e-01	-2.307283180446912052e+00	3.000000000000000000e+00
6.334854374163332302e-01	-1.210769021029875381e+00	3.000000000000000000e+00
2.768953604216825237e+00	-1.145093807173140077e-01	3.000000000000000000e+00
2.379758337916182409e+00	-1.332081705850203468e+00	3.000000000000000000e+00
2.976221301232242045e+00	-1.218779255920499738e+00	3.000000000000000000e+00
3.200001644976287363e+00	9.211806177106897364e-02	2.000000000000000000e+00
3.098150050713099457e+00	-2.248829914469132885e-01	2.000000000000000000e+00
1.691911496632080292e+00	-6.180658355155873585e-01	2.000000000000000000e+00
1.893984880329237619e+00	-4.116400694323814058e-01	3.000000000000000000e+00
4.958912183951214026e+00	-3.435410158796551316e-01	3.000000000000000000e+00
4.958912183951214026e+00	-3.435410158796551316e-01	3.000000000000000000e+00
2.074414039891248063e+00	-7.111049524250041554e-01	2.000000000000000000e+00
2.119893124345640256e+00	-5.058476272948686514e-01	2.000000000000000000e+00
1.799002448950461464e+00	-9.720638186204276776e-01	2.000000000000000000e+00
2.306427873732642908e+00	-4.390672896554703164e-01	2.000000000000000000e+00
2.389670563377069623e+00	-1.258987955433578665e-01	2.000000000000000000e+00
2.720148463857481325e+00	-4.098499904330498711e-01	2.000000000000000000e+00
2.850347459313219645e+00	-2.928341464443368625e-01	2.000000000000000000e+00
2.804172637882707875e+00	-1.435950695753984152e-01	2.000000000000000000e+00
1.431541478703352244e+00	8.492869540039688081e-01	2.000000000000000000e+00
2.195395159183195055e+00	1.448935598069553410e-01	2.000000000000000000e+00
1.206430051642382484e+00	4.316581863470388136e-02	3.000000000000000000e+00
9.770161094706500959e-01	1.215974481934065432e+00	2.000000000000000000e+00
2.185897748339064695e+00	9.662091876936033108e-01	2.000000000000000000e+00
2.209948296975333903e+00	2.043713096144457175e+00	2.000000000000000000e+00
3.451243553561149646e+00	-3.889725021766947122e-01	3.000000000000000000e+00
3.328313910754188587e+00	2.032022306140452705e-01	2.000000000000000000e+00
1.619023567361169924e+00	1.802084921376938986e+00	3.000000000000000000e+00
1.813218245945250384e+00	1.578294241766706962e+00	2.000000000000000000e+00
2.139245097467627477e-01	-3.598771313441604947e-01	2.000000000000000000e+00
1.272654397097788381e+00	1.109286137114476496e-02	2.000000000000000000e+00
1.425956953520929549e+00	-3.656699190865222993e-01	3.000000000000000000e+00
1.906478603988382980e-01	1.357076393399894831e+00	2.000000000000000000e+00
-4.885439353632651249e-01	-7.232280707867815295e-01	3.000000000000000000e+00
1.244954414881831672e+00	-6.829531233058664386e-01	2.000000000000000000e+00
-8.854938283251176934e-01	5.572365381797406841e-02	2.000000000000000000e+00
-2.160265511417580608e-01	-4.950308298254523232e-01	2.000000000000000000e+00
-8.854938283251176934e-01	5.572365381797406841e-02	2.000000000000000000e+00
8.713413164676889755e-01	2.172953144680463411e-01	2.000000000000000000e+00
1.397918252518564719e+00	-2.748162514487820229e-01	2.000000000000000000e+00
6.627969435228165951e-01	-1.271981851932071139e+00	2.000000000000000000e+00
2.811744109249875390e+00	3.557841820299668112e-01	3.000000000000000000e+00
-1.340397221679404893e+00	1.459708414180736380e+00	2.000000000000000000e+00
4.085746506466247929e+00	1.298594739123007713e+00	2.000000000000000000e+00
3.465226939240976467e+00	1.914214273921209797e+00	2.000000000000000000e+00
3.801672875524921835e+00	1.348395774601458985e+00	2.000000000000000000e+00
3.146269322690892878e+00	1.141967486362575723e+00	2.000000000000000000e+00
-4.006089678342004967e-02	4.824014205588266435e+00	2.000000000000000000e+00
6.808416645583269533e-01	-7.716833465357767485e-01	3.000000000000000000e+00
5.926630249183244548e-01	6.947686534811505776e-01	3.000000000000000000e+00
-2.035803317990315442e+00	1.067595584369129380e+00	2.000000000000000000e+00
-1.033939421016591753e+00	-8.803781304407881647e-01	2.000000000000000000e+00
1.532441077800679452e-01	-2.189723055066247426e+00	3.000000000000000000e+00
3.505208189449047773e-01	-2.405627253963199763e+00	3.000000000000000000e+00
-7.046601626405040175e-01	-2.050208863834484863e+00	2.000000000000000000e+00
-1.508480094759431678e+00	-1.780324801808930602e+00	2.000000000000000000e+00
-3.114792554367860622e-01	-1.168657765345419541e+00	2.000000000000000000e+00
3.434491071883803981e-01	-1.781082758089472362e+00	2.000000000000000000e+00
-3.588978665749311237e+00	-2.742210849586743660e+00	2.000000000000000000e+00
-1.346192387286740511e+00	3.386268689391784270e-01	2.000000000000000000e+00
-2.149209458559368624e+00	1.082040903771073204e+00	2.000000000000000000e+00
-2.681747216495047326e+00	-1.570147943943310587e+00	3.000000000000000000e+00
-1.445862274683179738e+00	-9.041417959669585391e-01	2.000000000000000000e+00
-1.564900834312366484e+00	-1.450059807892668973e+00	3.000000000000000000e+00
7.131005078921864859e-02	5.597979028483611730e-01	2.000000000000000000e+00
-5.482764276639717771e-01	-9.412907509917763926e-01	2.000000000000000000e+00
-1.278944616853413097e+00	9.524285348810863638e-01	2.000000000000000000e+00
1.855987873304377755e+00	1.436508807816263333e+00	3.000000000000000000e+00
2.022144712423524504e-01	2.642662765778033052e+00	2.000000000000000000e+00
2.022144712423524504e-01	2.642662765778033052e+00	2.000000000000000000e+00
2.022144712423524504e-01	2.642662765778033052e+00	2.000000000000000000e+00
1.009534561919925993e-01	3.262566937118405175e+00	2.000000000000000000e+00
2.958145416488897061e-01	1.667085915097985982e+00	2.000000000000000000e+00
3.466029609342985429e-01	2.514777667139284079e-01	2.000000000000000000e+00
2.540743076451856819e+00	2.058557550813617354e+00	2.000000000000000000e+00
1.187244385524811374e+00	2.173600976932196449e+00	3.000000000000000000e+00
8.315035626599750485e-01	1.607233343204489406e+00	2.000000000000000000e+00
1.076132523358640958e+00	-1.020850327410385283e+00	3.000000000000000000e+00
-5.077799947183556650e-01	1.005746446918735382e+00	2.000000000000000000e+00
-1.098780513925290858e+00	1.486131358185987184e+00	2.000000000000000000e+00
2.677519479556923709e+00	2.340845111125756439e+00	3.000000000000000000e+00
1.099115943506833393e+00	-4.416631873592832269e-01	3.000000000000000000e+00
1.708393873224464343e+00	-1.444938524110634115e-01	2.000000000000000000e+00
2.283084586835025576e+00	2.244891777389215637e+00	2.000000000000000000e+00
2.747582650935723958e+00	2.381601296527168010e+00	2.000000000000000000e+00
3.170472631383906670e+00	-3.126455079730007802e-01	3.000000000000000000e+00
1.458372159483677155e+00	-8.825378539782415821e-01	2.000000000000000000e+00
5.333281283220694391e-01	-5.920259425957413724e-01	2.000000000000000000e+00
5.489643821212693009e-01	-9.283018874168037504e-01	3.000000000000000000e+00
1.733005034128050070e-01	-5.005999403505622114e-01	2.000000000000000000e+00
5.187858447264086514e-01	-4.431497993624420317e-01	3.000000000000000000e+00
1.391290262708716474e+00	1.596554152190024389e+00	3.000000000000000000e+00
2.990911069010593337e+00	1.492917508461937937e+00	3.000000000000000000e+00
-1.730864457880591623e+00	1.718353073335971981e+00	2.000000000000000000e+00
-2.190878165458940430e+00	1.324141097810826562e+00	2.000000000000000000e+00
-1.313020706390204628e+00	1.315414271635324761e+00	2.000000000000000000e+00
-4.557312363916122405e-02	-1.218253504648641794e+00	2.000000000000000000e+00
-3.125041467388728567e+00	-1.022712272945610179e+00	2.000000000000000000e+00
-1.236135945627517163e+00	-1.565081082463293249e+00	4.000000000000000000e+00
-2.428763022011557471e-01	7.221519780850944592e-01	2.000000000000000000e+00
-3.957556403178162929e-01	6.694133312845254036e-01	2.000000000000000000e+00
6.541802589698436643e-01	2.078720555731978503e-01	2.000000000000000000e+00
-3.809658143014638676e-01	1.959993961808187413e+00	2.000000000000000000e+00
1.010314065569975828e+00	2.377775535626867498e+00	2.000000000000000000e+00
7.825067083031758131e-01	2.624188764331108814e+00	2.000000000000000000e+00
6.150893844048009873e-01	6.920926300966943057e-01	4.000000000000000000e+00
2.181994630134824753e-01	6.616306529791610158e-01	2.000000000000000000e+00
-1.275402388047761404e+00	-2.812580788552073163e-01	2.000000000000000000e+00
-1.292348583190753297e+00	1.610099808468186122e+00	2.000000000000000000e+00
-6.256815651435861103e-02	1.133067125504846562e+00	2.000000000000000000e+00
-2.154839450659181699e-01	3.489847519211176641e-01	2.000000000000000000e+00
-7.061624480249549807e-01	3.116118675315513453e-01	2.000000000000000000e+00
-3.150580450662551768e-01	-3.704700392202670556e-01	2.000000000000000000e+00
2.460899607127676747e-01	-3.551815458157778216e-01	2.000000000000000000e+00
6.974324735538715500e-03	-7.378028683597980253e-01	3.000000000000000000e+00
-1.817565313835019625e+00	1.148766068842368648e+00	3.000000000000000000e+00
5.897095511445151622e-02	2.645932998171621087e+00	2.000000000000000000e+00
-7.446786818252298934e-01	6.287167355359588594e-01	2.000000000000000000e+00
1.294808592280049409e+00	-1.084400476137341807e+00	2.000000000000000000e+00
-3.504331332774633379e-01	1.591570327820665209e+00	2.000000000000000000e+00
-2.205862538298997144e+00	1.482190946909637930e+00	2.000000000000000000e+00
-1.411972054273988197e+00	-3.194765026761822030e-02	2.000000000000000000e+00
-1.026696580787486157e+00	8.721257285889001398e-01	3.000000000000000000e+00
-1.975840955452847325e+00	5.383113138343175175e-01	2.000000000000000000e+00
-2.207036480953085356e+00	-1.257415336737330414e+00	4.000000000000000000e+00
-2.291288038346285028e+00	9.863517114099324204e-03	2.000000000000000000e+00
-9.927868530425579818e-01	-3.160995722225072302e-01	3.000000000000000000e+00
-1.607385760196583746e+00	8.819447085236588046e-01	2.000000000000000000e+00
-2.390599958259594704e+00	2.264842901119814289e-01	2.000000000000000000e+00
-7.402716431717929479e-01	-7.569556948677280683e-01	2.000000000000000000e+00
3.168134525251869449e-01	-1.193884554283295429e+00	3.000000000000000000e+00
-3.355850312771792021e-01	-6.391251806299105276e-01	2.000000000000000000e+00
-5.504873816497712902e-01	3.483992554755964921e+00	2.000000000000000000e+00
-1.425097229450388303e+00	-1.648316035857678052e+00	3.000000000000000000e+00
1.506801154099474127e+00	7.425104714825934149e-01	2.000000000000000000e+00
1.088085821820876375e-01	1.415024753798831192e+00	2.000000000000000000e+00
-6.059162076871296154e-01	-1.644475987849716825e+00	4.000000000000000000e+00
9.901693414128185378e-01	-6.906566118370746077e-01	4.000000000000000000e+00
-1.685041184904601197e+00	2.597303320279594541e+00	2.000000000000000000e+00
-2.595193830662788859e+00	-2.245271227965010663e+00	2.000000000000000000e+00
-1.310826940263740248e+00	1.120118811797004149e-01	2.000000000000000000e+00
-1.348785865711275012e+00	1.515089163478864132e+00	2.000000000000000000e+00
-1.102069542878796771e+00	1.987638638130816204e+00	2.000000000000000000e+00
-2.196121759865817147e+00	7.727165379861897776e-01	4.000000000000000000e+00
-1.672659548231290039e+00	1.683152305551282035e+00	2.000000000000000000e+00
-5.638820173407985831e-02	-9.284833357152527666e-02	3.000000000000000000e+00
1.900278900478507074e-02	-1.488239472621225801e+00	4.000000000000000000e+00
1.849585354549583727e+00	-6.895434915896012651e-01	3.000000000000000000e+00
3.644625265693817173e-01	-1.156970255584676421e-01	4.000000000000000000e+00
-5.217622193472428727e-01	2.555742382064538631e+00	4.000000000000000000e+00
-7.882586430423955681e-01	2.311347779411161985e-01	2.000000000000000000e+00
-2.618039654525481374e+00	-4.428313386639063931e-01	2.000000000000000000e+00
-1.781161261393365391e+00	4.331774308561418124e-02	2.000000000000000000e+00
2.525354624297958761e+00	-1.712249314605469863e-01	3.000000000000000000e+00
-2.972687068584985326e+00	-1.883631913036825534e+00	3.000000000000000000e+00
1.411965165358952445e+00	-7.018156346863480000e-01	4.000000000000000000e+00
1.626456341973260278e+00	-6.496034295461077246e-01	2.000000000000000000e+00
-1.212714083154935230e+00	-3.963121803651430408e-01	2.000000000000000000e+00
5.317399941627851678e-01	3.912610973934326219e-01	4.000000000000000000e+00
-6.404616532133126094e-01	4.134478102850366876e-01	2.000000000000000000e+00
4.816775886063439649e-01	-3.708760363118541736e-01	4.000000000000000000e+00
-1.242019355866154501e-01	-1.426657187230896850e+00	4.000000000000000000e+00
4.350573147575547694e-01	-8.646388957426649480e-01	2.000000000000000000e+00
-5.407745901597732496e-01	-1.393811272032688287e+00	4.000000000000000000e+00
-1.116110942679667151e+00	-1.249574413755571295e-01	2.000000000000000000e+00
-1.884586037099554634e+00	1.294949738185371180e+00	2.000000000000000000e+00
-9.565218984011256698e-01	-9.428097717739897243e-01	2.000000000000000000e+00
-3.400572889116050823e-01	-1.084678919970060607e+00	2.000000000000000000e+00
2.959248013017521384e-01	-1.295009850551936070e+00	2.000000000000000000e+00
8.378565584858848059e-01	-1.239851708414140274e+00	2.000000000000000000e+00
4.576423569808512476e-02	-9.784723646457552659e-01	2.000000000000000000e+00
-3.872721634149200454e-01	-2.054872360618744676e-01	4.000000000000000000e+00
-1.023941788493356153e+00	5.022637427680589628e-01	2.000000000000000000e+00
-1.902189041104608735e+00	2.641079588256181054e-01	3.000000000000000000e+00
-4.196712750836053551e-01	-2.417432655765887062e-01	2.000000000000000000e+00
-6.724110583357564286e-01	-9.444862047728457277e-01	2.000000000000000000e+00
-2.695361274031173426e+00	6.623558874712136557e-01	2.000000000000000000e+00
-2.616320722037148716e+00	-8.607173638242228420e-02	2.000000000000000000e+00
-1.261042530028031461e+00	-1.805489695413533990e+00	2.000000000000000000e+00
1.702626649461163710e+00	3.925292029783216119e+00	2.000000000000000000e+00
-7.380236975373244412e-01	2.909843222726053447e-01	2.000000000000000000e+00
-3.210816926042029174e+00	-8.883527911881473615e-01	2.000000000000000000e+00
-9.222757800837401154e-01	1.238747266637887812e+00	3.000000000000000000e+00
-1.654718024323072578e+00	-7.755262667786926301e-01	4.000000000000000000e+00
-2.002393937708313754e+00	1.774427030914722536e+00	2.000000000000000000e+00
-1.328228810037427543e+00	-1.178010287737629058e+00	4.000000000000000000e+00
9.209789906099007384e-01	-1.697671004849509835e+00	3.000000000000000000e+00
-7.737564170942941022e-01	5.128911985757482750e-01	2.000000000000000000e+00
1.586967497936571547e+00	6.219447371986962514e-01	2.000000000000000000e+00
-1.553142375696453970e+00	-2.812543136039503899e+00	2.000000000000000000e+00
-9.239207981640810141e-01	-2.135397195336596887e+00	2.000000000000000000e+00
2.493325160235205562e+00	1.258576450821045301e+00	2.000000000000000000e+00
-7.427169699387646817e-01	-1.488892179532055993e+00	4.000000000000000000e+00
2.089354425041200614e+00	4.318643553458081930e-01	2.000000000000000000e+00
-3.100376965711778565e-01	-5.626218155861602011e-01	2.000000000000000000e+00
-2.602629446632888754e+00	-4.024418610311825684e-01	3.000000000000000000e+00
-6.321501127464753365e-03	-7.406454967851091586e-01	2.000000000000000000e+00
-1.731837351708399142e+00	9.717318034053823439e-01	2.000000000000000000e+00
-2.324234673334744983e+00	-1.637206980924835187e-01	3.000000000000000000e+00
-1.660811295227216711e+00	4.508579910283573855e-01	3.000000000000000000e+00
-1.103647473891869568e+00	3.016812508648701319e-01	3.000000000000000000e+00
-3.590919412072910988e-01	-6.796871988648792717e-01	2.000000000000000000e+00
-2.545681067790706020e+00	-1.627775154978838845e+00	4.000000000000000000e+00
1.590003392432355056e-01	-4.211504824009757453e-01	4.000000000000000000e+00
-4.329047249979698919e-01	-1.948734370123805515e-01	3.000000000000000000e+00
1.658638238478308546e-01	-2.468645808964828881e-01	2.000000000000000000e+00
2.514824831875376310e-01	-4.363271907297972541e-01	2.000000000000000000e+00
1.076538064341151291e+00	1.758971918403572643e-01	2.000000000000000000e+00
-1.472073319204182662e-01	-1.623427919829263377e+00	4.000000000000000000e+00
-1.968151411225802949e+00	-1.617581174352314966e-01	3.000000000000000000e+00
-9.355560454243816437e-01	-1.436072615389399676e+00	2.000000000000000000e+00
5.206333462787918753e-01	2.185343162806038464e+00	2.000000000000000000e+00
1.120745690514723281e+00	-9.186800251757718527e-01	2.000000000000000000e+00
-3.077147910483981064e-01	-7.468019943496949642e-01	3.000000000000000000e+00
-3.160220365245725027e-01	-1.991803935673350567e+00	2.000000000000000000e+00
4.031076568326911747e-01	-1.962138139906125067e+00	2.000000000000000000e+00
2.619718271564429046e-01	-2.084577377202450954e+00	2.000000000000000000e+00
1.178305269608566297e+00	1.661566625244757844e+00	2.000000000000000000e+00
-2.296119714746188478e+00	-3.702459915841634364e-01	2.000000000000000000e+00
5.675364017196787847e-01	-2.126606027943517052e+00	2.000000000000000000e+00
-1.260275466214674012e+00	-2.064231802068518640e+00	3.000000000000000000e+00
1.219654541804043424e+00	-1.162995641682725623e+00	2.000000000000000000e+00
3.468670881884154955e-01	-2.000099322711477612e+00	2.000000000000000000e+00
5.727342322969536381e-01	7.071269441292408198e-01	2.000000000000000000e+00
-1.022191194739444642e+00	-1.629970810491306210e+00	3.000000000000000000e+00
-1.228137150211961126e+00	2.024772992940107041e+00	2.000000000000000000e+00
-1.608476936410685010e+00	4.960506382096125932e-01	3.000000000000000000e+00
-1.106906020891405440e+00	1.429615019972782619e+00	2.000000000000000000e+00
-1.075016435322190489e+00	3.182272024629958285e+00	2.000000000000000000e+00
3.846899058563296059e+00	3.594127802340529865e-01	2.000000000000000000e+00
3.522355747265759174e+00	2.485030807861220215e+00	2.000000000000000000e+00
2.326451744095956897e+00	1.331133695988326204e+00	2.000000000000000000e+00
-2.994355276126388077e-01	-2.070277770778623072e+00	4.000000000000000000e+00
-9.480869014997056476e-01	2.814555806816962047e+00	3.000000000000000000e+00
2.666647977184850582e+00	4.716031968532244933e-01	2.000000000000000000e+00
6.205791902089397016e-01	-3.708465922989018781e-01	2.000000000000000000e+00
1.614852522196841944e+00	-4.467387367978579715e-01	2.000000000000000000e+00
1.010406352561486365e+00	6.067001139088111783e-01	2.000000000000000000e+00
-2.027881187111506885e-04	-1.289643698816536510e+00	4.000000000000000000e+00
1.864617246942150697e+00	-3.112251100579538354e-01	2.000000000000000000e+00
-1.533516605663756360e+00	-1.536497596327107973e-01	2.000000000000000000e+00
1.853861640890402063e+00	-1.557540666481036729e+00	4.000000000000000000e+00
1.991446561275583615e+00	-9.311195977655076783e-01	2.000000000000000000e+00
2.584788164511244268e+00	9.587239288048584607e-01	2.000000000000000000e+00
2.687245739447190918e+00	-9.889048564453898349e-01	2.000000000000000000e+00
9.911629096193671495e-01	-7.007923325834901629e-01	2.000000000000000000e+00
3.710518493165143594e-01	-2.215525322856314872e-01	2.000000000000000000e+00
-4.102186299343104636e-01	4.239850704049822477e-02	4.000000000000000000e+00
-1.135227658454010857e+00	1.404304347803436048e+00	3.000000000000000000e+00
-9.998926909422923837e-01	-5.550254629243399629e-01	2.000000000000000000e+00
-1.209512714412659395e+00	-2.230545690418556937e-01	2.000000000000000000e+00
-1.336033040750506384e-01	9.786720602229567190e-01	2.000000000000000000e+00
9.210570738421364201e-01	-5.957238759024416352e-02	2.000000000000000000e+00
-5.944869083484318750e-01	4.879506385402088142e-02	2.000000000000000000e+00
6.303006467791714973e-02	5.112846806569845137e-01	4.000000000000000000e+00
-6.465114003254742725e-01	1.294785913053101867e+00	2.000000000000000000e+00
2.004657448837877387e-01	-5.629881796803446470e-01	2.000000000000000000e+00
-1.537783971871173883e+00	-7.897634252865706195e-01	2.000000000000000000e+00
8.555282683847984515e-01	-8.171049755749211219e-01	2.000000000000000000e+00
1.975750014702436053e+00	-9.555964659667394168e-01	2.000000000000000000e+00
2.415277698373400117e+00	-1.479279189070222822e+00	2.000000000000000000e+00
4.687142609031671903e+00	8.061686652791326679e-01	2.000000000000000000e+00
1.769876449545831232e+00	-1.935480670525724145e+00	2.000000000000000000e+00
1.959887166642768630e+00	-2.411427731578162703e+00	2.000000000000000000e+00
7.566683979534307714e-01	-3.705343521138021678e+00	2.000000000000000000e+00
1.846406236354984021e+00	-1.533931268580764895e+00	2.000000000000000000e+00
5.497795794509141132e+00	-9.536177727041760255e-01	2.000000000000000000e+00
1.674982554735913176e+00	2.182645790859937485e+00	2.000000000000000000e+00
-1.327408069205877839e+00	-1.243669540466308732e+00	2.000000000000000000e+00
9.720346300133086981e-01	-1.874553926875308640e+00	4.000000000000000000e+00
2.326618822748666382e+00	-4.650327765112879930e-01	3.000000000000000000e+00
2.079184856238642354e+00	-7.693717759437064263e-01	3.000000000000000000e+00
2.800526491614270252e+00	-1.334057869255143025e+00	4.000000000000000000e+00
3.029600679023410237e+00	7.508651562586720063e-01	2.000000000000000000e+00
3.562622986812567838e+00	9.064594410016388326e-02	4.000000000000000000e+00
8.935458672884943887e-01	-9.139995642818124488e-02	2.000000000000000000e+00
1.794918514945327281e+00	2.717383189159023882e-01	4.000000000000000000e+00
-1.932269980334110127e+00	1.495096889595534995e+00	2.000000000000000000e+00
-1.836217811387452770e+00	-7.211867659617209325e-01	3.000000000000000000e+00
1.625805736201223928e+00	-1.466979179959117641e+00	3.000000000000000000e+00
9.164009312831394860e-01	-1.046922226078658369e+00	2.000000000000000000e+00
3.173900579003714029e+00	-4.956189546554284897e-02	2.000000000000000000e+00
8.400708092592760190e-01	5.664705223546908641e-01	4.000000000000000000e+00
-1.703604010085092879e+00	-9.475133608880714764e-02	4.000000000000000000e+00
1.135831066288703894e+00	-5.231479193208694589e-01	2.000000000000000000e+00
2.073786227477591115e+00	-4.747240946653038529e-01	2.000000000000000000e+00
-1.291120429440374417e+00	7.498794451556407559e-01	2.000000000000000000e+00
-1.009107664671675897e+00	1.580471675149408339e+00	2.000000000000000000e+00
2.455907074984170269e+00	2.165878052331084991e+00	3.000000000000000000e+00
7.472849319489011100e-01	-4.209745054002542730e-01	2.000000000000000000e+00
