State,End_Time,Severity,Temperature(F),Wind_Chill(F),Visibility(mi),Precipitation(in)
OH,5,2,34.0,31.0,2.0,0.01
UT,5,3,44.1,42.5,10.0,0.0
IA,6,3,37.9,28.9,10.0,0.04
MN,7,2,30.2,16.5,2.5,0.0
MN,7,2,32.0,20.1,6.0,0.0
MO,7,3,36.0,26.3,10.0,0.01
MI,1,2,33.1,26.1,4.0,0.0
OH,1,2,39.9,33.9,10.0,0.0
OH,1,2,37.9,32.1,10.0,0.0
MO,1,3,30.9,21.2,10.0,0.0
MO,1,2,30.9,21.2,10.0,0.0
IL,1,2,32.0,23.6,2.0,0.0
IL,2,2,30.9,23.5,10.0,0.0
MI,3,2,27.0,16.7,4.0,0.0
NY,3,2,30.9,23.5,9.0,0.0
NJ,3,2,32.0,26.4,10.0,0.0
IN,3,3,28.0,19.3,3.0,0.0
KY,3,3,30.9,22.2,9.0,0.0
OH,3,2,30.0,20.0,10.0,0.0
UT,3,3,25.0,19.3,6.0,0.0
NY,4,3,30.9,22.2,10.0,0.0
OH,4,2,35.1,28.6,1.8,0.02
OH,4,2,33.4,25.9,3.0,0.0
TX,4,2,46.4,44.3,2.5,0.02
NY,5,3,21.9,17.2,10.0,0.0
LA,5,3,46.0,39.9,4.0,0.22
TX,5,2,45.0,40.1,2.5,0.0
TX,5,2,45.0,41.2,5.0,0.05
AL,5,3,42.1,40.2,9.0,0.01
TN,5,3,42.1,40.2,10.0,0.0
SC,6,2,37.0,31.6,3.0,0.06
SC,6,3,33.1,27.7,1.8,0.02
SC,6,2,44.1,41.5,8.0,0.01
GA,6,3,39.9,35.1,6.0,0.03
GA,6,3,39.0,31.8,9.0,0.11
TX,6,2,42.1,36.1,4.0,0.01
TN,6,3,39.0,30.3,7.0,0.03
VA,7,3,30.0,20.5,0.5,0.1
GA,7,3,36.0,27.1,10.0,0.06
SC,7,3,32.0,27.5,5.0,0.05
SC,7,3,44.1,35.9,6.0,0.0
GA,7,3,37.0,27.4,2.5,0.0
NY,1,2,30.0,23.2,8.0,0.0
NC,1,2,31.1,20.9,7.0,0.02
NC,1,2,35.1,26.4,5.0,0.02
SC,1,3,41.0,38.0,2.0,0.03
SC,1,2,37.9,34.4,10.0,0.0
AL,1,2,37.9,31.5,10.0,0.0
WA,2,3,42.3,40.5,10.0,0.02
MI,3,2,30.9,20.2,4.0,0.0
UT,3,2,33.8,27.7,4.0,0.0
UT,3,2,28.9,19.2,0.8,0.01
OK,4,2,40.6,30.0,9.0,0.09
OK,4,2,41.0,30.7,7.0,0.01
OK,4,2,41.0,30.7,7.0,0.01
OK,4,2,39.2,28.3,9.0,0.05
MI,5,2,35.1,31.0,1.2,0.03
NC,5,2,43.0,37.7,6.0,0.01
SC,5,3,41.0,34.3,7.0,0.01
NC,5,2,46.0,41.9,2.0,0.01
NC,5,2,43.0,38.8,2.0,0.01
VA,5,2,42.1,39.2,2.0,0.02
VA,5,2,42.1,37.7,4.0,0.01
GA,5,3,46.0,40.6,9.0,0.03
SC,5,3,44.1,37.1,4.0,0.02
NY,7,3,33.8,29.6,2.0,0.07
NY,7,3,41.0,35.2,2.0,0.02
MD,7,3,43.0,36.8,1.2,0.02
CT,1,2,42.1,34.9,10.0,0.0
WA,1,3,46.0,41.9,10.0,0.02
NY,2,2,25.0,13.6,10.0,0.0
VA,4,2,45.0,43.5,5.0,0.14
KY,5,2,45.0,40.6,10.0,0.0
IN,5,2,41.0,32.8,8.0,0.01
IL,5,2,35.1,26.4,6.0,0.01
AL,5,2,42.3,35.9,1.8,0.01
TN,5,2,41.0,33.1,6.0,0.01
TN,5,2,41.0,33.1,10.0,0.0
MN,6,3,28.0,22.8,2.5,0.0
GA,7,3,46.0,43.9,7.0,0.01
MA,1,2,37.0,30.4,7.0,0.0
MI,2,2,30.2,24.3,3.0,0.0
UT,3,2,32.0,22.5,3.0,0.03
MN,4,3,36.0,28.0,4.0,0.01
IL,4,2,44.1,36.8,3.0,0.29
MN,4,3,36.0,27.5,5.0,0.02
MN,4,2,34.0,26.6,6.0,0.02
MO,4,2,30.9,18.7,10.0,0.0
WI,4,2,37.0,27.7,5.0,0.05
UT,4,2,24.8,16.1,5.0,0.0
UT,4,3,24.8,16.9,2.0,0.0
UT,4,2,24.8,20.5,2.5,0.01
UT,4,3,26.1,15.6,4.0,0.0
NY,5,3,32.0,28.7,2.5,0.05
PA,5,3,46.0,43.1,3.0,0.14
CT,5,3,41.0,39.0,3.0,0.02
IA,5,3,21.0,7.1,10.0,0.0
UT,5,2,19.0,10.0,5.0,0.01
CO,5,3,17.1,6.6,4.0,0.01
TX,5,2,37.0,31.6,7.0,0.01
TX,5,2,39.0,33.4,10.0,0.0
TX,5,2,39.0,33.4,10.0,0.0
WA,5,3,43.0,37.2,4.0,0.07
OR,5,2,43.0,39.5,10.0,0.0
MI,6,3,32.0,25.6,1.5,0.01
MI,1,2,36.0,30.3,2.0,0.06
MI,1,2,39.0,33.4,5.0,0.01
NJ,1,2,41.0,37.1,3.0,0.07
MO,1,3,42.1,38.4,1.5,0.27
MO,1,3,42.1,38.4,1.5,0.27
MN,1,3,19.0,5.6,2.5,0.0
MN,1,2,26.1,16.2,3.0,0.0
MN,1,3,23.0,8.7,0.8,0.0
WI,1,3,39.0,32.3,5.0,0.0
IL,1,2,37.4,29.3,10.0,0.01
OK,1,2,39.9,36.7,9.0,0.0
NY,4,2,46.0,41.4,4.0,0.04
OH,4,3,46.0,40.6,1.5,0.25
OH,5,2,45.0,37.9,3.0,0.03
NE,1,2,45.7,40.6,7.0,0.01
KS,1,2,44.1,38.6,10.0,0.0
MI,2,2,46.0,39.9,10.0,0.0
MA,2,2,46.0,43.9,3.0,0.18
MN,2,3,37.9,28.5,10.0,0.0
MN,2,2,33.1,23.0,9.0,0.0
MN,2,3,33.1,21.9,10.0,0.0
MN,3,2,32.0,20.5,6.0,0.0
MN,4,3,23.0,17.0,10.0,0.0
OK,4,3,45.9,40.4,10.0,0.0
OK,4,2,41.4,35.2,10.0,0.0
OK,4,2,41.4,35.2,10.0,0.0
OK,4,2,46.0,41.9,10.0,0.01
NY,5,2,34.0,26.0,1.0,0.04
NY,5,2,42.1,36.6,10.0,0.01
MD,5,3,39.2,35.0,5.0,0.01
IN,5,3,32.9,27.5,2.5,0.03
KY,5,2,41.0,35.8,7.0,0.0
WI,5,2,28.9,25.2,0.8,0.02
MN,5,2,18.0,4.2,1.0,0.0
TN,5,2,42.1,39.2,2.5,0.05
PA,6,2,28.0,14.3,6.0,0.0
CO,7,3,23.0,11.7,1.2,0.0
NC,1,2,42.1,40.2,5.0,0.06
SC,1,2,37.4,32.1,2.0,0.26
NC,1,2,37.9,34.4,1.8,0.14
NC,1,2,46.0,43.1,7.0,0.0
NC,1,2,43.0,40.3,3.0,0.19
NC,1,2,46.0,43.1,1.5,0.22
VA,1,3,45.0,43.5,5.0,0.03
SC,1,2,41.0,37.1,7.0,0.06
SC,1,2,39.9,34.5,4.0,0.08
SC,1,2,39.9,32.9,2.5,0.01
SC,1,2,41.0,35.8,4.0,0.1
SC,1,3,39.2,31.6,2.5,0.29
SC,1,3,41.0,34.3,3.0,0.1
KS,1,2,26.1,14.5,1.0,0.0
WI,1,2,26.1,15.6,9.0,0.0
OK,1,2,28.0,13.9,5.0,0.0
OK,1,2,27.0,11.6,10.0,0.0
OK,1,2,27.0,11.6,10.0,0.0
TN,1,2,45.0,42.6,2.5,0.02
CO,1,2,19.0,8.2,6.0,0.01
MI,2,3,28.9,20.4,2.5,0.01
MI,2,3,28.0,20.8,10.0,0.0
MI,2,3,28.0,20.8,10.0,0.0
MI,2,3,28.9,16.9,10.0,0.0
NY,2,3,35.1,30.1,2.5,0.04
NY,2,3,30.9,27.5,0.5,0.02
CT,2,3,41.0,38.0,3.0,0.03
PA,2,2,39.9,35.1,2.0,0.01
PA,2,2,44.6,43.1,6.0,0.01
KY,2,3,37.0,33.3,5.0,0.0
TN,2,2,37.9,30.5,5.0,0.0
NY,3,3,30.0,20.5,10.0,0.01
NY,3,3,28.9,20.4,10.0,0.0
NY,3,2,26.1,19.4,1.2,0.0
KY,3,3,34.0,25.0,10.0,0.0
NC,3,2,45.0,40.6,8.0,0.0
NC,3,2,45.0,40.1,7.0,0.01
NC,3,2,45.0,40.1,7.0,0.0
NC,3,2,45.0,40.1,7.0,0.0
NC,3,2,45.0,42.6,9.0,0.0
NC,3,2,45.0,40.6,6.0,0.0
NC,3,2,43.0,36.4,6.0,0.02
NC,3,2,43.0,36.4,6.0,0.02
GA,3,3,44.1,41.5,2.0,0.03
LA,3,3,37.0,31.0,10.0,0.0
AL,3,3,43.0,39.5,6.0,0.02
NY,4,3,35.1,23.8,7.0,0.04
OH,4,3,33.1,24.9,7.0,0.0
VA,4,3,30.9,22.8,1.2,0.01
VA,4,3,32.0,28.7,5.0,0.01
KY,4,2,34.0,26.6,5.0,0.02
KY,4,2,34.0,25.5,1.2,0.01
OH,4,2,36.0,29.0,6.0,0.05
SC,4,2,37.0,29.3,3.0,0.11
VA,4,3,30.0,21.7,5.0,0.15
NC,4,2,37.0,29.3,2.5,0.09
VA,4,2,36.0,28.0,7.0,0.03
VA,4,3,37.9,32.1,4.0,0.24
VA,4,2,45.0,37.6,2.5,0.17
VA,4,2,45.0,38.2,3.0,0.0
SC,4,3,37.9,27.3,8.0,0.06
SC,4,2,37.9,32.7,10.0,0.0
MO,4,2,28.0,18.6,2.5,0.01
IL,4,2,28.0,24.2,1.0,0.02
MO,4,3,28.0,20.0,1.2,0.02
FL,4,2,42.1,34.9,10.0,0.0
NY,5,3,34.0,24.2,4.0,0.0
MI,5,3,30.9,22.8,5.0,0.01
MI,5,2,30.0,20.0,0.5,0.0
MI,5,3,33.1,23.9,0.2,0.03
MI,5,2,30.2,20.8,3.0,0.0
NY,5,2,28.9,21.9,9.0,0.01
NY,5,3,32.0,27.5,7.0,0.0
NY,5,2,41.0,30.9,6.0,0.0
NJ,5,3,34.0,25.5,2.5,0.08
NY,5,2,37.9,27.1,10.0,0.0
NY,5,3,35.1,30.1,4.0,0.03
KY,1,3,41.0,35.8,1.8,0.08
OH,1,3,42.1,39.2,3.0,0.02
OH,1,2,37.9,34.4,1.5,0.0
KY,1,3,43.0,40.3,6.0,0.01
MI,2,2,28.0,18.1,10.0,0.0
NY,2,3,32.0,28.7,0.8,0.02
NY,2,3,33.1,27.7,1.5,0.01
OH,2,2,36.0,26.3,8.0,0.0
PA,2,2,33.1,27.7,5.0,0.0
WI,2,2,28.0,18.6,5.0,0.0
IL,2,2,30.0,22.4,10.0,0.0
WA,3,2,46.0,43.1,10.0,0.03
WA,3,2,45.0,41.2,10.0,0.05
CA,3,3,37.9,30.0,1.8,0.12
NC,5,2,35.1,27.4,6.0,0.02
GA,5,3,42.1,39.2,5.0,0.0
NY,6,3,24.1,13.7,9.0,0.0
OH,6,3,45.0,38.2,10.0,0.01
PA,6,2,30.9,20.7,3.0,0.03
NY,1,3,37.9,30.5,10.0,0.02
MI,1,2,32.0,20.1,5.0,0.07
MI,1,3,30.9,22.2,0.2,0.08
KY,1,2,35.1,24.8,5.0,0.0
IL,1,2,27.0,13.2,1.0,0.0
IL,1,2,28.0,16.5,1.0,0.0
IL,1,2,27.0,12.5,0.5,0.0
NY,2,2,35.1,26.4,7.0,0.02
NY,2,2,35.1,24.8,9.0,0.0
NY,2,2,34.0,24.2,4.0,0.0
PA,2,2,26.1,13.6,6.0,0.0
OH,2,2,26.1,14.0,2.5,0.0
IL,2,2,21.9,11.0,4.0,0.0
IL,2,2,21.0,9.9,3.0,0.0
IL,2,2,21.0,9.9,3.0,0.0
MI,4,2,27.0,18.0,4.0,0.0
NH,3,3,33.1,26.9,10.0,0.0
MN,3,3,26.1,16.2,8.0,0.0
MN,3,3,24.1,13.1,1.8,0.0
IL,3,2,26.1,21.9,6.0,0.0
MN,5,2,33.1,28.7,10.0,0.06
MN,3,3,41.0,31.9,5.0,0.01
UT,3,2,43.0,38.8,10.0,0.03
NY,6,3,46.0,44.8,7.0,0.01
TX,1,3,41.5,35.0,5.0,0.03
TX,1,3,43.7,36.0,4.0,0.05
TX,1,2,45.0,39.7,10.0,0.04
TX,1,3,42.1,33.1,1.8,0.28
NY,3,2,36.0,30.3,10.0,0.01
NY,3,2,39.0,32.3,9.0,0.0
NY,3,3,39.0,32.3,4.0,0.0
TN,5,2,46.0,43.9,4.0,0.24
NC,5,2,46.0,41.9,2.5,0.05
NC,5,2,46.0,41.0,4.0,0.1
NC,5,2,46.0,39.6,1.0,0.06
NC,5,2,46.0,40.2,1.0,0.22
NC,5,3,44.1,37.1,2.0,0.19
NC,5,3,45.0,41.2,4.0,0.07
NC,5,2,45.0,39.7,9.0,0.09
NC,5,2,45.0,37.9,2.0,0.05
VA,5,2,46.0,41.9,7.0,0.06
SC,5,2,44.1,39.0,2.0,0.04
SC,5,3,44.6,38.4,10.0,0.01
MI,6,2,42.1,36.6,10.0,0.0
NY,6,3,41.0,32.5,2.0,0.08
NY,6,3,42.1,37.1,10.0,0.0
NY,6,3,39.9,33.9,4.0,0.05
NY,7,3,45.0,43.5,10.0,0.0
OH,1,3,44.1,38.1,10.0,0.0
NY,1,2,46.0,43.9,4.0,0.03
UT,3,3,45.9,43.6,7.0,0.02
UT,3,3,45.0,42.6,10.0,0.07
MI,5,2,41.0,33.9,7.0,0.09
MI,5,3,42.1,35.2,7.0,0.04
MO,7,3,30.0,18.7,1.2,0.06
NY,1,2,30.0,25.2,0.5,0.1
NJ,1,2,33.1,26.1,1.0,0.0
PA,1,2,32.0,27.5,1.0,0.06
NJ,1,3,32.9,24.7,8.0,0.02
PA,1,2,32.0,25.6,1.8,0.04
MN,1,3,30.0,21.1,2.0,0.03
MN,1,3,28.9,20.4,5.0,0.01
MN,1,3,30.0,21.1,9.0,0.0
MN,1,3,30.0,25.2,4.0,0.0
UT,1,3,36.5,31.8,10.0,0.02
NY,2,3,39.0,32.8,4.0,0.0
NY,2,2,37.9,32.1,4.0,0.11
MI,2,2,34.0,24.2,8.0,0.0
NY,2,3,42.1,36.6,1.5,0.01
NY,2,2,37.0,30.4,1.2,0.01
MN,2,3,28.9,21.1,1.0,0.0
WI,2,2,24.1,9.8,0.8,0.0
MO,2,3,37.0,30.4,5.0,0.01
MI,3,3,28.9,13.5,1.8,0.0
MI,3,3,30.9,20.7,1.8,0.03
NY,3,2,42.1,36.6,0.2,0.0
PA,3,3,30.0,19.1,10.0,0.0
OH,3,2,36.0,24.4,6.0,0.0
OH,4,3,28.9,19.8,7.0,0.0
OH,4,3,28.0,20.0,1.5,0.01
NY,5,2,30.9,27.5,4.0,0.0
OK,5,2,35.8,23.9,10.0,0.0
VA,6,3,39.2,33.0,10.0,0.0
VA,6,3,39.0,31.4,10.0,0.02
NY,7,2,33.1,23.0,9.0,0.0
MI,1,3,33.1,26.9,3.0,0.0
PA,1,3,26.1,21.9,2.0,0.0
IN,1,2,33.1,28.7,7.0,0.0
OH,1,3,30.0,23.2,5.0,0.0
TN,1,3,39.0,34.8,2.0,0.03
VA,1,2,39.2,37.0,10.0,0.01
IA,1,3,30.0,22.4,2.5,0.0
NJ,2,3,37.9,32.7,5.0,0.0
NY,5,3,39.0,33.4,10.0,0.0
WI,5,3,37.9,28.2,1.0,0.01
MI,6,3,39.0,30.3,3.0,0.11
MI,6,3,39.0,30.3,3.0,0.16
MI,7,3,32.0,21.2,4.0,0.06
WA,7,3,44.1,42.5,4.0,0.01
NY,1,3,39.9,31.4,1.5,0.1
NJ,1,2,46.0,41.9,2.5,0.2
NJ,1,3,44.1,39.0,3.0,0.06
CT,1,2,37.0,30.4,2.0,0.0
OH,1,2,40.3,33.9,10.0,0.02
PA,1,3,44.1,37.7,1.8,0.45
PA,1,2,46.4,39.2,5.0,0.27
IN,1,2,30.9,19.1,9.0,0.0
IN,1,2,32.0,19.8,3.0,0.01
IL,1,2,30.9,20.2,8.0,0.0
MN,1,2,21.0,8.6,7.0,0.0
IL,1,2,27.0,17.3,4.0,0.0
IL,1,3,28.0,16.1,4.0,0.0
IL,1,2,26.1,14.5,1.2,0.0
IL,1,2,27.0,15.6,2.5,0.0
MI,2,2,30.0,21.7,7.0,0.01
OH,2,3,32.0,20.8,10.0,0.0
UT,2,3,43.0,37.2,10.0,0.0
IA,3,3,35.1,27.9,8.0,0.01
IA,3,2,36.0,26.7,9.0,0.01
NY,4,3,39.9,32.5,10.0,0.0
PA,4,2,42.1,34.9,7.0,0.02
NY,4,3,44.6,39.2,10.0,0.02
NJ,4,3,45.0,39.3,10.0,0.0
CT,4,3,43.0,38.2,5.0,0.02
NY,4,2,42.1,37.1,5.0,0.0
PA,4,2,37.9,30.9,2.0,0.03
PA,4,2,43.0,40.3,4.0,0.0
OH,3,3,45.0,43.5,1.0,0.0
NE,3,3,43.0,36.0,7.0,0.06
MI,4,3,34.0,23.0,0.2,0.16
MI,4,2,30.9,21.2,4.0,0.01
NY,4,2,46.0,42.5,5.0,0.04
IL,4,2,37.0,27.7,3.0,0.19
OR,4,2,37.4,30.3,10.0,0.08
CA,4,2,41.0,34.3,2.5,0.08
RI,5,3,39.9,29.2,5.0,0.12
NH,5,2,33.8,24.3,6.0,0.03
NY,5,2,30.0,16.6,0.2,0.05
NY,5,3,28.0,18.1,2.0,0.01
NJ,5,3,43.0,37.7,6.0,0.03
NY,5,3,35.1,23.0,2.0,0.26
PA,5,2,37.0,26.4,7.0,0.02
CT,5,2,41.0,31.4,10.0,0.08
CT,5,2,34.0,18.4,1.0,0.0
RI,5,3,45.0,34.3,2.0,0.04
CT,5,3,41.0,31.9,10.0,0.0
PA,5,2,35.1,23.0,10.0,0.0
CA,6,2,43.0,39.5,10.0,0.04
MN,7,2,35.1,27.9,10.0,0.01
MN,7,3,37.9,26.8,10.0,0.02
UT,7,3,36.0,32.1,10.0,0.0
MN,1,3,28.9,19.2,0.2,0.02
MN,1,2,35.1,26.4,10.0,0.0
MN,1,3,28.9,16.1,1.0,0.01
WA,1,2,39.2,35.0,10.0,0.04
NC,2,2,44.1,40.8,2.0,0.08
NC,2,3,38.7,33.6,3.0,0.02
NC,2,2,41.0,38.0,5.0,0.04
NC,2,2,41.0,37.1,6.0,0.06
SC,2,2,46.0,43.9,2.5,0.01
MN,2,3,28.9,19.8,3.0,0.0
MI,3,3,27.0,15.2,5.0,0.0
MI,3,3,26.6,15.2,4.0,0.0
MI,3,3,26.6,15.2,4.0,0.0
CT,3,3,32.0,23.6,1.2,0.01
NY,3,3,37.0,26.7,10.0,0.0
NJ,3,2,35.1,24.5,3.0,0.14
PA,3,3,33.1,27.7,3.0,0.0
MI,4,2,28.9,18.6,2.5,0.0
MI,4,2,28.0,17.0,2.5,0.0
MI,4,2,27.0,15.6,2.5,0.0
NY,4,2,30.9,20.2,10.0,0.0
NY,5,3,32.0,21.6,5.0,0.0
NY,5,2,28.9,19.8,1.2,0.0
NY,5,2,28.9,19.8,1.8,0.0
NY,5,3,30.9,22.2,2.0,0.0
NY,1,2,30.9,22.8,9.0,0.0
NY,1,2,30.9,22.8,9.0,0.0
SC,1,3,37.4,31.4,3.0,0.01
NC,1,2,37.0,29.8,3.0,0.03
NC,1,2,39.9,35.1,10.0,0.0
NC,1,2,39.0,35.7,10.0,0.0
VA,1,3,33.1,23.9,0.5,0.1
SC,1,2,37.9,30.9,8.0,0.02
SC,1,2,39.2,29.3,10.0,0.0
MI,2,2,28.9,18.6,10.0,0.0
MI,2,2,33.1,23.0,9.0,0.0
MI,2,2,28.0,18.1,4.0,0.0
MI,2,2,30.9,19.8,10.0,0.0
IL,2,2,28.9,16.9,10.0,0.0
NY,3,2,30.0,21.7,0.5,0.02
NY,3,2,30.0,18.7,0.8,0.04
NY,3,2,32.0,19.5,1.0,0.0
NY,3,2,32.0,21.2,1.5,0.0
NY,3,2,30.9,18.7,1.0,0.0
NY,3,2,30.0,18.7,1.2,0.0
OH,3,3,25.0,15.5,5.0,0.0
NY,5,2,25.0,12.2,8.0,0.0
OR,5,2,43.0,40.3,10.0,0.0
CA,5,2,42.8,40.1,10.0,0.02
NJ,2,2,30.0,17.9,5.0,0.02
NJ,2,2,32.0,25.6,8.0,0.0
MD,2,3,32.0,25.6,10.0,0.04
OH,2,2,34.0,26.0,7.0,0.01
VA,2,3,39.9,30.8,2.0,0.1
MN,2,3,30.9,23.5,6.0,0.0
IA,2,3,39.9,32.5,10.0,0.0
MA,3,2,33.1,25.5,1.0,0.01
NJ,3,3,30.0,18.3,1.0,0.01
PA,3,2,34.0,24.2,1.8,0.01
NY,3,3,32.0,24.2,1.0,0.01
PA,3,3,32.0,27.5,2.0,0.03
PA,3,3,26.6,15.2,1.0,0.01
PA,3,2,30.9,23.5,0.5,0.0
PA,3,2,32.0,22.5,0.5,0.04
PA,3,2,33.1,24.9,1.5,0.01
OH,3,2,30.0,20.0,2.0,0.01
OH,3,2,27.0,16.1,6.0,0.0
OH,3,3,30.0,18.3,3.0,0.0
NC,3,2,37.0,31.0,10.0,0.01
NC,3,2,37.0,31.6,3.0,0.03
VA,3,3,32.0,25.6,1.2,0.06
NC,3,3,33.1,30.0,2.0,0.0
NC,3,2,34.0,29.8,8.0,0.0
NC,3,2,35.1,28.6,5.0,0.0
VA,3,3,35.1,26.9,1.5,0.01
NC,3,2,42.1,37.7,10.0,0.0
MA,4,2,34.0,25.5,1.0,0.0
WA,4,2,45.0,40.1,10.0,0.0
WA,4,2,46.0,43.9,10.0,0.0
WA,5,2,39.9,34.5,10.0,0.0
NC,6,2,39.9,35.1,10.0,0.02
GA,7,2,42.1,37.7,8.0,0.0
CA,7,2,46.0,42.5,7.0,0.04
MN,1,3,34.0,28.0,5.0,0.1
MN,1,3,35.1,27.9,6.0,0.0
MN,1,3,33.1,28.7,4.0,0.15
WI,1,3,45.0,37.6,7.0,0.03
MI,2,3,45.0,38.2,8.0,0.06
NC,2,3,46.0,42.5,10.0,0.0
MI,2,2,39.9,32.1,7.0,0.01
NC,2,2,41.0,37.1,10.0,0.0
NY,3,3,35.6,29.9,10.0,9.99
MN,3,3,19.0,2.7,10.0,0.0
NH,4,2,27.0,23.0,1.5,0.01
NH,4,3,33.1,27.7,10.0,0.0
PA,4,2,30.0,23.2,1.5,0.0
OH,4,3,45.0,38.5,8.0,0.0
TN,4,2,42.1,34.5,10.0,0.0
CO,4,2,24.8,16.1,1.5,0.0
WA,4,4,46.0,44.8,8.0,0.07
NY,5,2,32.0,22.5,0.8,0.0
SC,5,2,37.9,35.5,10.0,0.01
MI,7,3,26.1,14.5,1.5,0.01
MI,7,3,23.0,9.6,5.0,0.0
MI,1,3,12.0,-1.3,10.0,0.0
NY,7,3,33.1,28.7,2.0,0.02
IN,7,3,23.0,10.1,0.8,0.0
NC,7,3,32.0,23.6,2.0,0.16
KS,7,3,15.1,1.8,10.0,0.0
NY,1,2,37.0,24.5,10.0,0.0
KY,1,3,18.0,6.9,9.0,0.0
OH,1,2,15.1,5.2,7.0,0.0
IL,1,2,10.0,-2.9,0.2,0.02
IL,1,2,12.0,-0.4,1.0,0.0
IL,1,2,10.0,0.4,0.8,0.03
WA,1,2,45.0,43.5,9.0,0.03
MI,2,2,16.0,7.4,7.0,0.0
MI,2,2,16.0,8.8,5.0,0.0
MI,2,3,21.9,17.2,9.0,0.0
NY,2,2,19.9,11.1,5.0,0.0
IN,2,2,19.0,5.6,8.0,0.0
IN,2,2,16.0,6.3,5.0,0.0
OH,2,3,19.9,9.3,4.0,0.0
TX,2,3,41.0,34.7,8.0,0.0
MT,2,3,19.9,5.2,10.0,0.0
WA,2,2,46.0,42.5,10.0,0.01
MI,3,3,18.0,8.7,0.8,0.01
CT,3,3,24.1,16.0,0.8,0.06
NY,3,2,21.9,13.4,0.5,0.01
NY,3,3,25.0,16.3,1.2,0.03
NJ,3,2,30.9,24.3,3.0,0.07
NY,3,2,27.0,18.0,2.5,0.01
NJ,3,2,30.0,26.5,2.0,0.04
NY,3,3,30.9,22.2,1.5,0.08
OH,3,2,21.2,8.3,1.5,0.01
PA,3,3,30.0,21.1,3.0,0.03
PA,3,2,28.9,21.9,1.0,0.03
MD,3,3,32.0,24.8,3.0,0.01
IN,3,2,21.0,12.4,8.0,0.0
OH,3,1,26.1,15.0,1.2,0.03
MN,3,3,3.9,-3.4,10.0,0.0
TN,3,2,35.1,26.9,2.0,0.02
TX,3,2,43.0,37.7,8.0,0.01
TX,3,2,44.1,36.5,10.0,0.02
NY,4,3,16.0,3.6,9.0,0.0
MI,5,3,16.0,6.3,0.5,0.03
MI,5,3,19.9,9.3,2.0,0.0
MA,5,2,27.1,20.7,4.0,0.0
MI,5,2,19.9,7.3,2.5,0.01
MI,6,3,19.0,12.3,1.8,0.0
MI,6,3,21.9,11.0,2.5,0.0
PA,6,2,35.1,29.3,10.0,0.0
PA,6,2,42.1,39.2,2.0,0.01
RI,1,2,42.1,34.9,10.0,0.0
PA,1,3,43.0,36.0,9.0,0.0
AZ,1,3,32.0,22.5,0.5,0.12
CT,5,2,46.4,40.4,10.0,0.01
IN,5,3,42.1,36.6,2.5,0.08
OR,5,2,44.6,39.2,10.0,0.0
TN,6,3,46.0,44.8,1.5,0.23
OR,7,3,36.0,28.0,10.0,0.0
MI,1,2,42.1,36.6,0.8,0.03
MI,1,2,42.1,38.4,0.8,0.0
NC,1,3,41.0,38.0,1.5,0.01
MN,1,3,19.9,5.7,3.0,0.0
MN,1,2,19.9,5.7,2.5,0.0
MN,1,2,19.9,7.3,2.0,0.0
MN,1,3,19.0,6.1,3.0,0.0
IL,1,2,37.9,35.5,0.2,0.0
UT,1,2,26.1,13.6,1.5,0.01
CA,1,3,46.0,43.1,10.0,0.01
WI,2,3,42.1,38.4,0.5,0.0
OK,2,3,35.1,23.3,0.2,0.02
OK,2,2,27.0,11.9,1.5,0.0
OK,2,2,27.0,13.5,5.0,0.0
OK,2,2,27.0,13.5,5.0,0.0
TX,2,2,43.0,34.8,4.0,0.16
WA,2,2,33.1,30.0,10.0,0.0
WA,2,3,34.0,26.0,10.0,0.0
WA,2,3,28.9,21.1,1.5,0.0
OR,2,2,32.0,22.1,2.0,0.0
IN,3,2,37.0,30.4,10.0,0.03
IN,3,2,37.0,31.0,10.0,0.0
TX,3,2,36.0,26.7,9.0,0.16
TX,3,2,35.1,23.8,8.0,0.06
TX,3,3,34.0,23.4,2.5,0.02
OK,3,2,30.0,20.0,7.0,0.01
TN,3,3,46.0,40.6,6.0,0.03
MA,4,3,34.0,28.0,1.0,0.02
NH,4,3,30.2,24.3,2.0,0.04
NY,4,2,39.9,35.8,3.0,0.02
PA,4,2,46.0,41.9,9.0,0.0
IN,4,3,37.9,30.5,10.0,0.01
MN,4,3,27.0,17.3,1.5,0.0
MN,4,3,26.1,18.4,1.5,0.0
MO,4,2,26.6,17.5,3.0,0.0
MO,4,3,35.1,28.6,6.0,0.0
TX,4,3,37.0,33.3,4.0,0.01
TX,4,3,37.9,30.5,2.0,0.0
TN,4,3,44.1,42.5,1.5,0.0
MA,5,2,37.9,29.6,9.0,0.01
MI,5,2,39.0,36.8,3.0,0.01
NY,5,3,39.0,35.7,0.5,0.02
MD,5,2,37.4,32.1,3.0,0.0
MD,5,3,39.9,34.5,2.5,0.13
MD,5,3,41.0,37.1,1.2,0.0
OH,5,2,46.4,40.4,5.0,0.02
IL,5,3,39.9,34.5,4.0,0.03
IL,5,2,42.1,36.1,5.0,0.0
OK,5,2,37.0,31.0,2.0,0.03
OR,5,3,37.9,32.1,10.0,0.0
TN,1,2,46.0,43.9,6.0,0.01
NC,1,2,46.0,42.5,10.0,0.0
CA,1,3,46.0,41.0,5.0,0.04
WA,2,2,39.9,36.7,9.0,0.05
FL,1,3,37.0,29.3,10.0,0.0
FL,1,3,46.0,41.4,4.0,0.01
MI,2,2,17.1,-1.4,9.0,0.0
MI,2,2,10.9,-6.5,6.0,0.0
NY,2,2,17.1,2.0,9.0,0.0
MI,3,3,8.1,-7.0,1.5,0.0
MI,3,2,12.9,1.6,1.0,0.0
MI,3,2,12.9,1.6,1.0,0.0
FL,3,2,44.1,37.1,4.0,0.07
FL,3,2,43.0,32.7,2.5,0.12
SC,3,3,30.0,18.7,6.0,0.07
SC,3,3,30.0,18.7,6.0,0.07
IL,3,2,15.1,3.3,4.0,0.0
RI,4,3,27.0,9.6,0.2,0.02
MI,4,2,7.0,-10.4,6.0,0.0
NY,4,3,21.0,6.6,0.5,0.03
PA,4,2,26.1,11.3,1.5,0.0
NY,4,3,24.1,13.7,0.5,0.06
NJ,4,2,23.0,9.6,0.5,0.0
PA,4,3,16.0,-3.2,1.5,0.0
NY,4,2,23.0,5.4,0.5,0.0
NY,4,3,21.9,2.9,0.5,0.0
PA,4,3,15.1,0.5,3.0,0.0
PA,4,2,21.9,10.4,2.0,0.0
PA,4,2,23.0,9.6,10.0,0.0
VA,4,2,23.0,6.9,10.0,0.0
MD,4,2,25.0,9.9,2.0,0.0
IN,4,3,1.9,-13.8,10.0,0.0
SC,4,2,21.9,11.7,10.0,0.0
MA,5,3,14.0,-3.0,10.0,0.0
RI,5,3,12.9,-5.3,10.0,0.0
NY,6,3,1.0,-14.9,0.8,0.0
NY,6,3,-0.0,-19.4,0.5,0.01
IL,7,3,26.1,14.5,7.0,0.0
TN,7,2,39.9,32.5,10.0,0.0
NJ,1,2,28.9,18.6,9.0,0.0
PA,1,3,32.0,22.1,9.0,0.0
OH,1,2,33.8,22.8,2.0,0.0
VA,1,3,36.0,28.0,10.0,0.0
IN,1,2,34.0,26.6,9.0,0.01
NC,1,2,37.9,34.4,10.0,0.0
TN,1,2,42.8,39.3,1.5,0.02
NY,2,3,32.0,24.8,10.0,0.0
WA,2,3,45.0,40.6,6.0,0.01
OR,2,3,41.0,38.0,6.0,0.02
IN,3,2,37.0,30.4,0.5,0.0
IL,3,2,36.0,28.5,1.2,0.01
UT,3,3,40.3,33.4,4.0,0.07
NV,3,2,39.9,37.8,9.0,0.0
SC,4,3,45.0,41.8,3.0,0.01
MN,4,2,21.0,5.7,2.0,0.0
WA,4,3,46.0,43.9,3.0,0.09
MI,5,2,25.0,11.7,1.0,0.09
MI,5,3,21.0,6.6,4.0,0.0
MI,5,3,21.9,6.9,10.0,0.0
IN,5,2,24.1,9.0,6.0,0.07
OH,5,2,37.9,28.9,7.0,0.07
OH,5,2,33.1,21.9,5.0,0.0
OH,5,3,30.0,17.5,2.0,0.0
OH,5,2,30.9,19.1,1.5,0.01
OH,5,3,24.1,5.4,0.8,0.0
TN,5,3,37.9,30.0,3.0,0.18
TN,5,2,27.0,15.6,1.0,0.01
TN,5,3,23.0,9.6,0.5,0.0
TN,5,3,23.0,11.1,1.5,0.0
MI,1,2,15.1,4.2,4.0,0.01
MI,1,3,17.1,6.6,2.0,0.0
IN,1,2,19.0,5.6,9.0,0.0
IN,1,2,18.0,6.9,1.8,0.01
OH,1,3,19.0,8.2,10.0,0.0
IN,1,2,19.9,9.3,2.0,0.01
KY,1,3,19.0,8.2,2.0,0.0
OH,1,3,18.0,11.1,2.5,0.0
OH,1,3,19.0,6.8,1.8,0.01
OH,1,3,27.0,15.6,2.0,0.01
MN,1,3,3.9,-15.0,7.0,0.0
IL,1,2,18.0,6.1,1.5,0.0
IL,1,2,19.9,8.6,5.0,0.0
IL,1,2,19.4,9.5,4.0,0.0
IL,1,2,24.1,16.0,1.5,0.0
CO,1,2,23.0,14.7,3.0,0.0
CO,1,2,17.4,7.1,6.0,0.0
CO,1,2,17.1,6.6,3.0,0.0
MI,2,2,16.0,4.4,1.0,0.01
MI,2,2,10.0,3.6,6.0,0.0
NY,2,2,16.0,8.8,9.0,0.0
NY,2,2,24.1,15.2,5.0,0.0
NY,2,2,24.1,15.2,4.0,0.01
NY,2,3,17.1,11.7,8.0,0.0
OH,2,3,23.0,13.9,1.2,0.0
PA,2,3,25.0,17.1,0.8,0.0
IL,2,2,17.1,5.8,1.8,0.0
IL,2,2,17.1,5.8,6.0,0.0
TX,2,3,29.7,17.8,10.0,0.01
TX,2,2,30.0,17.5,10.0,0.0
TX,2,2,27.0,13.2,10.0,0.0
TX,2,3,27.0,13.9,10.0,0.02
TX,2,2,27.0,13.5,10.0,0.0
TX,2,2,26.1,10.4,10.0,0.0
MS,2,3,21.2,9.5,0.8,0.0
AL,2,3,23.0,12.4,1.8,0.0
TN,2,2,16.0,7.4,10.0,0.01
TN,2,3,15.1,1.1,1.0,0.01
TX,2,2,26.1,15.0,7.0,0.0
NY,3,3,17.1,1.0,4.0,0.0
MA,3,2,32.0,27.5,0.5,0.0
MA,3,3,32.0,25.6,4.0,0.0
CT,3,3,30.0,25.2,2.5,0.0
NY,3,3,23.0,11.1,1.0,0.01
OH,3,3,7.0,-5.7,2.5,0.0
VA,3,2,30.9,26.2,3.0,0.0
PA,3,2,24.1,12.0,1.0,0.0
PA,3,2,19.9,12.1,10.0,0.0
OH,3,3,8.1,-2.0,5.0,0.0
SC,3,2,28.0,17.0,9.0,0.0
VA,3,2,25.0,14.2,2.5,0.01
NC,3,2,24.1,13.1,10.0,0.0
LA,3,2,21.0,6.2,10.0,0.0
LA,3,2,21.0,6.2,10.0,0.0
WA,6,3,43.0,36.4,10.0,0.02
PA,1,3,37.4,32.8,3.0,0.0
MN,1,2,30.9,20.7,0.5,0.0
MN,1,2,28.9,15.8,0.2,0.02
WA,1,3,40.5,34.1,10.0,0.0
CA,1,2,46.0,40.2,3.0,0.01
NH,2,2,33.8,30.8,2.5,0.01
NY,2,2,46.0,41.4,10.0,0.01
OH,2,2,39.0,31.4,10.0,0.0
OH,2,2,39.9,31.1,10.0,0.0
WA,2,3,41.0,39.0,8.0,0.05
WA,2,2,44.1,42.5,5.0,0.03
NY,3,2,21.9,7.8,6.0,0.0
IN,3,2,36.0,31.1,9.0,0.0
OH,3,3,32.2,24.4,4.0,0.0
IL,3,2,30.0,26.5,10.0,0.0
WA,3,2,45.0,38.9,10.0,0.02
OR,3,2,46.0,44.8,3.0,0.06
WA,4,3,41.0,38.0,10.0,0.0
WA,4,3,42.1,35.7,10.0,0.0
CA,4,3,44.1,40.8,10.0,0.02
OR,5,2,37.9,30.5,10.0,0.01
MI,1,3,25.0,17.1,3.0,0.0
MI,1,2,25.0,14.8,1.5,0.0
MI,1,3,25.0,13.1,0.5,0.0
MI,1,2,26.1,14.5,1.5,0.01
MI,1,2,16.0,4.4,10.0,0.0
NC,1,2,46.0,41.0,3.0,0.03
NC,1,2,44.1,39.0,5.0,0.01
NC,1,3,41.0,33.5,10.0,0.0
MA,2,3,19.9,7.9,0.8,0.0
MA,2,2,24.1,15.2,2.5,0.0
NY,2,3,19.9,9.3,0.8,0.0
NY,2,3,19.9,8.6,1.0,0.0
NY,2,2,28.0,22.8,2.0,0.0
OH,2,3,17.1,3.6,10.0,0.0
UT,5,2,35.1,27.4,6.0,0.01
OR,5,2,45.0,40.1,10.0,0.04
WA,5,2,46.4,42.9,10.0,0.03
OR,6,2,44.1,40.8,10.0,0.01
MI,7,4,45.0,37.9,10.0,0.0
IL,2,3,30.0,21.7,10.0,0.0
CA,4,2,42.1,36.1,10.0,0.0
GA,5,2,45.0,42.6,9.0,0.0
TX,6,3,42.1,36.1,4.0,0.01
OR,7,2,37.0,26.2,3.0,0.09
OR,7,2,37.0,26.2,3.0,0.09
NC,1,2,35.1,26.9,4.0,0.02
NC,1,2,33.1,28.7,10.0,0.0
PA,3,3,27.0,20.5,4.0,0.0
UT,3,2,28.9,19.2,0.5,0.01
UT,3,2,28.9,19.2,0.5,0.01
UT,3,2,28.9,25.2,2.0,0.06
NY,4,2,24.1,18.2,1.0,0.01
OR,5,2,44.1,37.7,10.0,0.0
NC,6,2,43.0,38.8,2.0,0.04
MA,7,2,44.1,36.5,10.0,0.0
NY,4,2,42.1,36.6,2.0,0.03
IL,4,3,44.1,40.1,1.5,0.01
TN,5,4,39.0,31.4,10.0,0.0
OR,7,2,33.8,30.8,10.0,0.02
OR,1,2,43.0,40.3,2.5,0.22
OR,3,2,42.1,39.2,4.0,0.03
DC,5,4,44.1,42.5,4.0,0.0
UT,4,2,26.6,19.1,3.0,0.0
UT,4,2,26.1,14.5,3.0,0.0
MI,5,2,36.0,26.7,10.0,0.0
WA,5,4,39.9,37.8,10.0,0.0
OR,5,2,45.0,42.6,10.0,0.01
WA,5,2,37.9,34.4,6.0,0.04
OR,5,2,45.0,43.5,5.0,0.06
MI,7,4,26.6,19.1,10.0,0.0
UT,7,2,28.0,24.2,10.0,0.0
MI,1,2,41.0,39.0,0.5,0.0
DE,1,2,43.0,39.5,7.0,0.0
DE,1,2,45.0,41.2,6.0,0.03
IL,1,2,39.0,34.8,1.0,0.11
IL,1,3,37.9,30.0,1.8,0.07
IL,1,3,35.1,25.9,10.0,0.03
TX,1,3,39.4,36.1,10.0,0.02
CO,1,3,9.0,-6.6,1.5,0.0
AZ,1,2,43.0,37.7,7.0,0.02
ME,5,2,44.6,41.4,5.0,0.0
NY,6,3,43.0,34.5,10.0,0.0
WI,2,2,43.0,35.1,10.0,0.01
MO,2,2,46.0,44.8,10.0,0.01
MN,3,2,32.0,22.1,10.0,0.01
MI,6,4,27.0,14.3,6.0,0.0
WI,5,2,30.2,24.3,0.8,0.01
TN,5,2,42.1,39.2,2.5,0.05
TN,5,2,42.1,39.2,2.5,0.05
OH,6,4,28.9,16.5,8.0,0.0
CO,7,3,23.0,11.7,1.2,0.0
CO,7,3,21.0,9.3,2.0,0.01
MO,1,3,27.0,16.1,1.0,0.0
TX,1,2,46.0,40.2,5.0,0.05
NY,2,2,42.1,38.4,2.0,0.0
OH,4,4,30.9,23.5,4.0,0.04
VA,4,2,37.0,29.8,10.0,0.0
OH,4,2,32.9,27.5,3.0,0.01
MD,4,2,28.4,23.3,1.0,0.01
VA,4,2,30.0,22.4,4.0,0.03
VA,4,4,32.0,27.5,2.5,0.01
NJ,4,2,36.0,28.5,7.0,0.16
NC,4,2,39.0,29.6,6.0,0.11
MO,4,2,32.0,26.4,5.0,0.16
NY,5,2,28.0,15.7,1.0,0.01
NY,5,2,30.9,23.5,0.8,0.03
NY,5,2,28.9,25.2,1.2,0.0
UT,6,3,39.9,35.1,7.0,0.01
RI,2,2,35.6,28.0,4.0,0.0
NH,2,2,32.0,26.4,0.5,0.04
OR,3,2,44.1,39.5,10.0,0.04
OR,3,2,35.1,29.3,5.0,0.06
OR,4,2,36.0,30.3,5.0,0.0
NV,4,3,37.9,34.4,10.0,0.01
NV,4,3,37.9,33.5,10.0,0.01
GA,5,4,46.0,40.6,2.0,0.01
IL,5,3,45.0,40.6,10.0,0.0
OR,5,2,37.0,28.9,10.0,0.0
MI,6,4,41.0,33.5,7.0,0.07
IL,6,3,45.0,40.6,9.0,0.04
RI,1,2,44.6,42.2,10.0,0.0
NY,2,2,37.9,30.9,10.0,0.01
NH,2,2,34.0,31.0,0.2,0.01
OH,2,2,28.0,17.5,10.0,0.0
ID,2,2,39.0,34.0,10.0,0.0
MI,5,4,44.1,40.1,6.0,0.0
MI,1,3,45.0,36.4,10.0,0.0
NH,6,2,35.1,29.3,1.5,0.14
OH,6,4,45.0,38.9,6.0,0.02
CT,1,2,46.0,44.8,10.0,0.04
OH,2,2,28.0,20.0,10.0,0.0
NJ,1,2,33.8,25.8,2.5,0.02
WA,1,2,36.0,32.1,10.0,0.0
NY,2,2,37.9,33.5,4.0,0.02
MI,2,4,32.2,22.3,4.0,0.01
NY,2,2,42.1,40.2,10.0,0.0
WI,2,2,32.0,23.0,1.8,0.0
IL,3,2,28.0,15.7,9.0,0.0
MI,4,2,46.0,41.9,8.0,0.0
WA,1,2,45.0,38.2,10.0,0.0
NY,2,2,42.8,36.2,10.0,9.99
RI,4,4,39.9,34.5,3.0,0.03
VT,5,2,33.1,24.9,5.0,0.02
NE,3,2,43.7,38.1,10.0,0.0
KY,4,2,46.0,39.6,10.0,0.0
NY,5,2,30.0,19.1,1.0,0.0
NY,5,4,33.1,21.5,0.5,0.07
CT,5,2,37.9,28.5,4.0,0.08
NY,5,4,34.0,18.2,0.8,0.0
CA,5,2,44.1,42.5,10.0,0.0
CA,5,2,46.0,41.0,5.0,0.05
PA,3,4,34.0,28.0,2.5,0.02
MN,2,2,30.0,20.5,7.0,0.0
MI,3,4,30.0,21.1,1.5,0.0
NH,3,2,30.0,20.5,8.0,0.0
MI,4,2,27.0,15.6,3.0,0.0
IN,3,4,26.1,13.1,2.5,0.0
NY,3,2,32.0,23.0,0.2,0.03
MI,4,2,28.9,16.5,1.0,0.0
NY,5,3,28.0,16.1,10.0,0.0
MD,2,2,33.1,22.6,10.0,0.01
NJ,3,2,30.9,20.7,10.0,0.0
OH,3,2,30.0,20.0,10.0,0.0
NY,3,2,30.0,21.1,0.5,0.05
VA,3,4,34.0,25.5,1.5,0.0
WA,5,4,37.9,32.7,10.0,0.0
OH,5,3,39.0,32.3,1.8,0.12
PA,4,4,44.1,38.1,10.0,0.0
OH,4,2,35.1,29.3,6.0,0.0
PA,5,2,30.9,22.8,1.2,0.0
MI,5,2,16.0,1.7,9.0,0.0
WI,7,3,32.0,23.6,10.0,0.0
MD,7,2,32.0,26.4,2.5,0.08
OH,1,4,24.1,8.7,1.2,0.01
VA,7,2,28.9,23.9,7.0,0.05
MN,7,2,7.0,-10.4,10.0,0.0
NE,1,2,17.4,12.1,1.5,0.01
NH,2,2,19.9,12.1,0.8,0.0
MI,3,2,18.0,8.7,0.5,0.02
MI,3,4,16.0,10.4,1.5,0.03
MI,3,2,15.1,9.4,2.0,0.01
OH,3,2,23.0,11.7,3.0,0.01
OH,3,2,21.9,9.8,4.0,0.0
NJ,3,2,37.0,31.0,1.2,0.15
MD,3,2,33.1,26.9,6.0,0.03
MI,5,2,19.0,6.8,4.0,0.0
MI,5,2,18.0,6.9,0.5,0.01
MD,2,2,35.1,27.4,10.0,0.0
MO,3,2,34.0,24.2,8.0,0.07
NJ,4,2,44.1,37.7,3.0,0.01
WA,4,2,30.0,24.1,10.0,0.0
NH,7,2,30.9,26.2,2.0,0.07
NJ,7,2,42.4,38.1,5.0,0.04
OR,2,4,39.0,35.7,8.0,0.0
WA,2,2,42.1,38.4,4.0,0.22
MI,2,2,10.0,-3.7,10.0,0.0
NY,2,2,17.1,-3.0,0.1,0.0
MI,4,2,19.9,9.3,0.5,0.0
MI,4,3,15.1,3.3,4.0,0.0
FL,3,2,39.9,31.1,1.0,0.03
GA,3,2,28.0,20.0,2.5,0.0
SC,3,4,28.9,20.4,7.0,0.04
IL,3,3,14.0,5.1,7.0,0.0
NY,4,2,19.9,8.6,1.0,0.0
NJ,4,2,21.2,3.9,0.2,0.0
NJ,4,2,25.0,8.6,0.2,0.02
PA,4,2,12.9,-2.2,2.0,0.0
NY,5,2,1.9,-18.1,2.5,0.0
NY,5,2,3.9,-18.5,3.0,0.0
NY,6,4,1.0,-18.7,0.8,0.0
MI,1,2,34.0,22.7,2.0,0.0
MI,1,2,34.0,24.6,3.0,0.01
VA,1,3,37.9,32.7,10.0,0.01
NY,2,2,46.4,45.2,10.0,9.99
KY,5,2,30.0,16.0,1.0,0.02
TN,5,2,23.0,11.1,1.5,0.0
TN,5,2,23.0,11.1,1.5,0.0
IL,1,2,19.0,4.5,1.2,0.01
IN,1,3,18.0,6.9,2.0,0.01
NY,2,2,24.1,14.4,10.0,0.0
IL,2,2,6.1,-9.5,1.0,0.0
NY,3,2,32.0,24.8,1.5,0.02
NC,3,2,32.0,23.6,0.5,0.02
NY,5,2,21.9,14.5,10.0,0.0
KS,1,4,33.1,21.9,1.8,0.0
ME,2,2,28.0,20.0,1.2,0.06
NJ,2,3,39.9,35.8,1.8,0.25
IL,3,2,28.0,21.7,8.0,0.0
IN,1,4,28.4,19.7,1.8,0.01
NY,2,3,30.9,21.7,2.5,0.01
IL,1,3,23.0,13.1,9.0,0.0
RI,2,2,21.2,7.3,0.8,0.0
CT,2,4,25.0,11.7,1.2,0.0
