P1	P2	A	D
-2.366919075537967376e-01	-3.375799677223405015e-01	2.000000000000000000e+00	5.000000000000000000e+00
-2.192586721823309048e+00	-1.159070887296255847e+00	3.000000000000000000e+00	5.000000000000000000e+00
-1.074057209637953925e+00	-1.491851607628486454e+00	3.000000000000000000e+00	6.000000000000000000e+00
6.621923157124638415e-01	-1.050384488814458450e+00	2.000000000000000000e+00	7.000000000000000000e+00
4.844337485162419216e-02	-8.689361002446425175e-01	2.000000000000000000e+00	7.000000000000000000e+00
-8.534420624787962817e-01	-1.877901278468886881e+00	3.000000000000000000e+00	7.000000000000000000e+00
1.902182203462008947e-01	1.301249057183981206e+00	2.000000000000000000e+00	1.000000000000000000e+00
-1.218779256384608933e+00	1.601009796171594113e+00	2.000000000000000000e+00	1.000000000000000000e+00
-9.761915648633544551e-01	1.608213767673536632e+00	2.000000000000000000e+00	1.000000000000000000e+00
1.797023191424257371e-01	4.259380479258889074e-01	3.000000000000000000e+00	1.000000000000000000e+00
1.241959169408119734e-01	1.639022854777286042e+00	2.000000000000000000e+00	1.000000000000000000e+00
5.702797838558374410e-01	1.198282021863702251e+00	2.000000000000000000e+00	1.000000000000000000e+00
-6.560161296851048374e-02	1.254724072923125711e+00	2.000000000000000000e+00	2.000000000000000000e+00
1.015477158404966218e+00	5.649747022234439253e-01	2.000000000000000000e+00	3.000000000000000000e+00
-4.766568988130475554e-02	8.188399342193874997e-01	2.000000000000000000e+00	3.000000000000000000e+00
-3.675139125673245744e-01	8.669374812799213181e-01	2.000000000000000000e+00	3.000000000000000000e+00
9.388748535122417582e-01	-7.081628270954163362e-01	3.000000000000000000e+00	3.000000000000000000e+00
7.886891447763662299e-02	-3.926636241752626266e-01	3.000000000000000000e+00	3.000000000000000000e+00
1.264043404337048537e-01	8.797366396288148760e-01	2.000000000000000000e+00	3.000000000000000000e+00
9.090317618512906428e-01	-5.374921504335092859e-01	3.000000000000000000e+00	3.000000000000000000e+00
-6.733150694843885453e-02	-7.197818623328937626e-01	3.000000000000000000e+00	4.000000000000000000e+00
-1.062369210231560585e-01	3.736412321719106977e-02	2.000000000000000000e+00	4.000000000000000000e+00
6.918091830015175858e-02	1.018536280279441764e-01	2.000000000000000000e+00	4.000000000000000000e+00
-1.836448143259448385e+00	2.800336175634570227e-02	2.000000000000000000e+00	4.000000000000000000e+00
7.908059121218371512e-01	-1.072635848401696679e+00	3.000000000000000000e+00	5.000000000000000000e+00
-1.736672175800588080e+00	-1.395488031103839566e+00	3.000000000000000000e+00	5.000000000000000000e+00
-1.566361271034664160e+00	-3.531955273254318017e-01	2.000000000000000000e+00	5.000000000000000000e+00
-1.841069303858619444e+00	-1.977847938446131437e-01	2.000000000000000000e+00	5.000000000000000000e+00
-1.842499681902440622e+00	-1.201483426131681798e+00	3.000000000000000000e+00	5.000000000000000000e+00
-1.922680491010772874e+00	-1.151258743310945354e+00	3.000000000000000000e+00	5.000000000000000000e+00
-6.414728169799185364e-01	-6.521585014411700465e-01	2.000000000000000000e+00	6.000000000000000000e+00
1.441930363653867557e-02	-1.932613799463688942e+00	3.000000000000000000e+00	6.000000000000000000e+00
-2.095339313246822766e+00	-4.308785570026008593e-01	2.000000000000000000e+00	6.000000000000000000e+00
-1.226887994747601685e+00	-1.726097565528563305e+00	3.000000000000000000e+00	6.000000000000000000e+00
-1.242980629848845053e+00	-1.523412088947836640e+00	3.000000000000000000e+00	6.000000000000000000e+00
-1.327785449801790696e+00	-6.368275447126501287e-01	2.000000000000000000e+00	6.000000000000000000e+00
-9.817897622752644882e-01	-1.663619611662388698e+00	3.000000000000000000e+00	6.000000000000000000e+00
6.588372116213101481e-01	-2.335016446499521781e+00	3.000000000000000000e+00	7.000000000000000000e+00
-9.065885410863815386e-01	-1.858083017180683472e+00	3.000000000000000000e+00	7.000000000000000000e+00
-2.277332479426006917e-01	-2.124613472861297758e+00	3.000000000000000000e+00	7.000000000000000000e+00
-1.631973812490721043e+00	-2.131577188469427231e+00	3.000000000000000000e+00	7.000000000000000000e+00
-3.682646688828236092e-01	-2.293776927713423230e+00	3.000000000000000000e+00	7.000000000000000000e+00
2.439665318216647782e-01	1.530080812050545802e+00	2.000000000000000000e+00	1.000000000000000000e+00
3.685927359816217885e-01	1.484053987296595212e+00	2.000000000000000000e+00	1.000000000000000000e+00
-5.625675185446952359e-02	1.358569088309819373e+00	2.000000000000000000e+00	1.000000000000000000e+00
-8.157341103032431651e-01	-4.240882767987325802e-02	3.000000000000000000e+00	1.000000000000000000e+00
-1.101856845603241597e+00	1.605416174250060779e+00	2.000000000000000000e+00	1.000000000000000000e+00
-9.434093177138180852e-01	1.608943574653573627e+00	2.000000000000000000e+00	1.000000000000000000e+00
-1.764873688381115580e+00	6.949983395416091869e-04	3.000000000000000000e+00	2.000000000000000000e+00
5.429775307243454030e-01	5.509391212443236485e-01	2.000000000000000000e+00	3.000000000000000000e+00
-7.594993625019073880e-02	5.345454356792048722e-01	2.000000000000000000e+00	3.000000000000000000e+00
1.002586347452494753e+00	3.873028433514291158e-01	2.000000000000000000e+00	3.000000000000000000e+00
-1.183493826024484052e+00	4.425363403509422477e-01	2.000000000000000000e+00	4.000000000000000000e+00
-1.071352721347064163e+00	2.986499485972211043e-01	2.000000000000000000e+00	4.000000000000000000e+00
-1.071352721347064163e+00	2.986499485972211043e-01	2.000000000000000000e+00	4.000000000000000000e+00
-9.820926747900499132e-01	4.314812423783935258e-01	2.000000000000000000e+00	4.000000000000000000e+00
-2.541446185850573802e-01	-3.755277958451569420e-01	2.000000000000000000e+00	5.000000000000000000e+00
-1.580117298410423921e+00	-1.507631554354477432e-01	2.000000000000000000e+00	5.000000000000000000e+00
-1.276672051212099923e+00	-1.300314888565083704e+00	3.000000000000000000e+00	5.000000000000000000e+00
-1.697681764539582749e+00	-3.809254312306682433e-01	2.000000000000000000e+00	5.000000000000000000e+00
-1.311945395824676730e+00	-3.696329359910633383e-01	2.000000000000000000e+00	5.000000000000000000e+00
-1.270779162873317381e+00	-3.637046587726137092e-01	2.000000000000000000e+00	5.000000000000000000e+00
-1.351072526364451409e+00	-2.572725082287309339e-01	2.000000000000000000e+00	5.000000000000000000e+00
-2.149399092273740930e+00	-1.203431802809309392e+00	3.000000000000000000e+00	5.000000000000000000e+00
-1.408912190234256290e+00	-1.470483791209604485e+00	3.000000000000000000e+00	5.000000000000000000e+00
-2.298581775580516573e-01	-2.286513208711602019e+00	3.000000000000000000e+00	7.000000000000000000e+00
-1.045656422140378794e+00	-2.332168459809459193e+00	3.000000000000000000e+00	7.000000000000000000e+00
-1.211662160139808542e+00	-2.382635522536498573e+00	3.000000000000000000e+00	7.000000000000000000e+00
-1.432081380047079966e+00	1.594277445586851805e+00	2.000000000000000000e+00	1.000000000000000000e+00
-2.044079106861661721e+00	3.712163852774192918e-01	3.000000000000000000e+00	1.000000000000000000e+00
9.008162677131397178e-01	1.281558812251139212e+00	2.000000000000000000e+00	2.000000000000000000e+00
-1.919588603763839219e+00	2.183432082334509916e-01	2.000000000000000000e+00	4.000000000000000000e+00
-2.209191102250749328e+00	5.406842723910543214e-02	2.000000000000000000e+00	5.000000000000000000e+00
-1.332291007796515103e+00	-3.102261399053988719e-02	2.000000000000000000e+00	5.000000000000000000e+00
-3.929665576405426131e-01	-1.172109825921831272e-01	2.000000000000000000e+00	5.000000000000000000e+00
-1.086599900958499010e+00	-3.752270329455205666e-01	2.000000000000000000e+00	5.000000000000000000e+00
-1.184545786858001826e+00	-1.401534180266655882e-01	2.000000000000000000e+00	5.000000000000000000e+00
-1.510931112736256798e+00	7.322011561323137074e-02	2.000000000000000000e+00	5.000000000000000000e+00
5.962824170932979895e-01	-1.884115074907547482e+00	3.000000000000000000e+00	6.000000000000000000e+00
-2.290054879125161147e+00	-2.087530553511623754e+00	3.000000000000000000e+00	7.000000000000000000e+00
-5.721955869703897468e-01	1.449389251050638538e+00	2.000000000000000000e+00	1.000000000000000000e+00
5.156502624873524621e-01	8.748254377350087596e-01	2.000000000000000000e+00	2.000000000000000000e+00
4.143858102562202328e-01	5.034753770957393071e-01	2.000000000000000000e+00	3.000000000000000000e+00
-2.615193150209994544e-01	-1.061763201258592471e+00	3.000000000000000000e+00	4.000000000000000000e+00
-1.352785852439328362e+00	1.823573785020076443e-01	2.000000000000000000e+00	4.000000000000000000e+00
-3.181563111346675798e-01	-1.002613811049857029e+00	3.000000000000000000e+00	4.000000000000000000e+00
-2.623165647959711522e-01	2.709632071064800307e-01	2.000000000000000000e+00	4.000000000000000000e+00
6.839186588890637519e-02	4.975601519020532160e-01	2.000000000000000000e+00	4.000000000000000000e+00
-4.623726935340393696e-01	2.201952538842304741e-01	2.000000000000000000e+00	4.000000000000000000e+00
1.060724029208338193e+00	2.441022766638639985e-01	2.000000000000000000e+00	4.000000000000000000e+00
1.318725285313826046e+00	-1.133104456980076780e+00	3.000000000000000000e+00	4.000000000000000000e+00
1.023603950938369200e+00	1.069512505799416480e-01	2.000000000000000000e+00	4.000000000000000000e+00
1.131860525410651963e+00	-1.026016765842412415e+00	3.000000000000000000e+00	4.000000000000000000e+00
4.013718673879914517e-02	-1.499028085642636343e+00	3.000000000000000000e+00	5.000000000000000000e+00
-1.814343749821679230e+00	-1.487029424888961504e+00	3.000000000000000000e+00	5.000000000000000000e+00
-1.207080994671876129e+00	-1.519405243548604512e+00	3.000000000000000000e+00	5.000000000000000000e+00
1.407548833338380989e+00	-1.058094216484914529e+00	3.000000000000000000e+00	5.000000000000000000e+00
1.746289351454886951e+00	-1.112787433881496507e-01	2.000000000000000000e+00	5.000000000000000000e+00
2.206658895662858999e+00	-1.369847104591983999e+00	3.000000000000000000e+00	5.000000000000000000e+00
-8.961764410955087579e-01	-7.391684917985734404e-02	2.000000000000000000e+00	5.000000000000000000e+00
-1.383081286238377228e+00	7.786976268504372523e-02	2.000000000000000000e+00	5.000000000000000000e+00
-1.383081286238377228e+00	7.786976268504372523e-02	2.000000000000000000e+00	5.000000000000000000e+00
-1.344480191294094018e+00	-1.447056085635684441e+00	3.000000000000000000e+00	5.000000000000000000e+00
-2.004849365737286337e+00	6.042095726433779207e-02	2.000000000000000000e+00	5.000000000000000000e+00
2.349975060251697501e-01	-1.947774624758785267e+00	3.000000000000000000e+00	6.000000000000000000e+00
-9.559472168245185253e-02	1.205053014176862503e+00	2.000000000000000000e+00	1.000000000000000000e+00
-7.180987914257419558e-01	1.336118032494832075e+00	2.000000000000000000e+00	1.000000000000000000e+00
-9.116847666304240816e-01	1.242786709723902261e+00	2.000000000000000000e+00	1.000000000000000000e+00
-9.211840937072824920e-01	2.695357524351548253e-02	3.000000000000000000e+00	1.000000000000000000e+00
-9.211840937072824920e-01	2.695357524351548253e-02	3.000000000000000000e+00	1.000000000000000000e+00
2.505785689887412016e+00	6.687747820184661296e-02	3.000000000000000000e+00	1.000000000000000000e+00
1.318036795824447660e+00	1.276458849047947819e+00	2.000000000000000000e+00	1.000000000000000000e+00
2.187444738972472269e+00	-3.937330778286479011e-02	3.000000000000000000e+00	1.000000000000000000e+00
-6.006042396350050883e-01	1.202129376545192641e-01	3.000000000000000000e+00	1.000000000000000000e+00
-7.890348704623326714e-01	1.617031438673151689e+00	2.000000000000000000e+00	1.000000000000000000e+00
-1.289694904159135458e+00	1.543221079991700773e+00	2.000000000000000000e+00	1.000000000000000000e+00
-1.776029410037071932e+00	1.224246325864394996e-01	2.000000000000000000e+00	4.000000000000000000e+00
-1.511277540442265810e+00	-1.138320857475546344e+00	3.000000000000000000e+00	4.000000000000000000e+00
-1.492855873726276261e+00	-3.108532909051505144e-01	2.000000000000000000e+00	5.000000000000000000e+00
-1.758829284476821186e+00	1.419327504898360459e+00	2.000000000000000000e+00	1.000000000000000000e+00
-1.778479520875198450e+00	1.584762418648125282e+00	2.000000000000000000e+00	1.000000000000000000e+00
-2.050668874770975592e+00	1.196916158726953672e+00	2.000000000000000000e+00	2.000000000000000000e+00
-1.728712519974265005e+00	8.862189410903754672e-01	2.000000000000000000e+00	2.000000000000000000e+00
-7.881239289339602161e-01	1.800661427167771222e-02	3.000000000000000000e+00	2.000000000000000000e+00
-1.148799465005019838e-01	1.195433289515422048e+00	2.000000000000000000e+00	2.000000000000000000e+00
-8.134093011471300871e-02	3.806941240048027780e-02	3.000000000000000000e+00	2.000000000000000000e+00
2.831175400963402145e-01	6.565821154914053270e-01	2.000000000000000000e+00	3.000000000000000000e+00
7.865330544678275082e-01	-6.936493937866732296e-01	3.000000000000000000e+00	4.000000000000000000e+00
-2.143533462695879521e+00	-7.795284699410851559e-01	3.000000000000000000e+00	4.000000000000000000e+00
-1.590384918604727194e+00	4.511640695014200730e-01	2.000000000000000000e+00	4.000000000000000000e+00
-1.590384918604727194e+00	4.511640695014200730e-01	2.000000000000000000e+00	4.000000000000000000e+00
-2.290094893423272993e+00	4.356393593844448131e-01	2.000000000000000000e+00	4.000000000000000000e+00
1.128995681707178206e-01	-3.734063908048007585e-01	2.000000000000000000e+00	5.000000000000000000e+00
-1.783380773463479452e+00	7.036317287299165280e-02	2.000000000000000000e+00	5.000000000000000000e+00
-1.020964806641228906e+00	-1.405419135082252469e+00	3.000000000000000000e+00	5.000000000000000000e+00
4.456797980179454111e-02	-1.508141554340020951e+00	3.000000000000000000e+00	5.000000000000000000e+00
-1.412246708139246243e+00	-9.321286661609633206e-02	2.000000000000000000e+00	5.000000000000000000e+00
5.446120144699589938e-01	-3.788393358579942305e-01	2.000000000000000000e+00	5.000000000000000000e+00
2.465464934444927092e+00	-3.234067358447401674e-01	2.000000000000000000e+00	5.000000000000000000e+00
-1.317475338446560285e+00	-3.240383812791351459e-01	2.000000000000000000e+00	5.000000000000000000e+00
7.179525799451997869e-01	-4.703510098832699438e-01	2.000000000000000000e+00	6.000000000000000000e+00
1.605912739305526804e+00	-2.310276293157937477e+00	3.000000000000000000e+00	7.000000000000000000e+00
-1.322641214141288879e+00	1.340865670611826044e+00	2.000000000000000000e+00	1.000000000000000000e+00
-3.326573911480620316e-01	1.282518756889814648e+00	2.000000000000000000e+00	1.000000000000000000e+00
-4.553209171750932094e-01	1.217691726343463232e+00	2.000000000000000000e+00	1.000000000000000000e+00
-1.915170760295809904e+00	1.411376192444947053e+00	2.000000000000000000e+00	1.000000000000000000e+00
-1.253412725946951856e+00	1.283779064696346506e+00	2.000000000000000000e+00	1.000000000000000000e+00
-1.505317802147051021e+00	1.203751849894131754e+00	2.000000000000000000e+00	1.000000000000000000e+00
-1.650924459422537849e+00	1.040210246986185416e-01	3.000000000000000000e+00	1.000000000000000000e+00
-1.238070092508679165e+00	1.456160243363799012e+00	2.000000000000000000e+00	1.000000000000000000e+00
-7.742513751807607036e-01	1.307248427171773919e+00	2.000000000000000000e+00	1.000000000000000000e+00
-5.505182490255519090e-01	1.198512281542738478e+00	2.000000000000000000e+00	1.000000000000000000e+00
-9.283868261746592854e-01	1.311225710810654643e+00	2.000000000000000000e+00	1.000000000000000000e+00
-4.263454802937937660e-01	1.051953045096122308e-01	3.000000000000000000e+00	1.000000000000000000e+00
-7.088566338425651425e-01	4.558247113629654984e-02	3.000000000000000000e+00	1.000000000000000000e+00
1.575056173928080616e+00	1.169760734945279657e+00	2.000000000000000000e+00	1.000000000000000000e+00
8.584100094341400311e-01	1.603486357666306539e+00	2.000000000000000000e+00	1.000000000000000000e+00
1.142536829482039273e+00	1.383258519983791679e+00	2.000000000000000000e+00	1.000000000000000000e+00
9.299817239750469700e-01	1.660478140053450513e+00	2.000000000000000000e+00	1.000000000000000000e+00
9.299817239750469700e-01	1.660478140053450513e+00	2.000000000000000000e+00	1.000000000000000000e+00
-1.450199697109938901e+00	1.178084898885120024e+00	2.000000000000000000e+00	1.000000000000000000e+00
2.019096917324594287e+00	1.471298381547753831e+00	2.000000000000000000e+00	1.000000000000000000e+00
9.171446116881830646e-01	-3.532893735651664313e-01	3.000000000000000000e+00	2.000000000000000000e+00
3.465742790113528482e-01	5.219449579655041638e-02	3.000000000000000000e+00	2.000000000000000000e+00
3.465742790113528482e-01	5.219449579655041638e-02	3.000000000000000000e+00	2.000000000000000000e+00
4.947504579506448175e-01	5.468169341396773853e-02	3.000000000000000000e+00	2.000000000000000000e+00
-6.564408523277538710e-02	-3.681582241271574851e-01	3.000000000000000000e+00	2.000000000000000000e+00
5.472293850443353813e-01	-4.715476064845596782e-01	3.000000000000000000e+00	2.000000000000000000e+00
-9.619345317293187536e-01	-3.695270658375044981e-01	3.000000000000000000e+00	2.000000000000000000e+00
-6.938179849482980499e-01	7.871436590487242979e-01	2.000000000000000000e+00	2.000000000000000000e+00
-1.798153535306059148e+00	9.831605065868075366e-01	2.000000000000000000e+00	2.000000000000000000e+00
-5.751326173143527232e-01	-2.574900451810632207e-01	3.000000000000000000e+00	2.000000000000000000e+00
-5.425636270174906128e-01	9.567439798243497773e-01	2.000000000000000000e+00	2.000000000000000000e+00
1.527048401957311896e-01	-3.297980722536294484e-01	3.000000000000000000e+00	3.000000000000000000e+00
2.393884337422508279e-01	-3.310767024002668757e-01	3.000000000000000000e+00	3.000000000000000000e+00
1.162656356083340059e+00	4.116748578015509419e-01	2.000000000000000000e+00	3.000000000000000000e+00
-3.797565504227744526e-01	-3.494589931798869342e-01	3.000000000000000000e+00	3.000000000000000000e+00
-1.916790259398597929e+00	7.083049035543678151e-01	2.000000000000000000e+00	3.000000000000000000e+00
-1.809290910998984314e+00	6.586883932169957934e-01	2.000000000000000000e+00	3.000000000000000000e+00
-1.807403547850677361e+00	6.545301257646786164e-01	2.000000000000000000e+00	3.000000000000000000e+00
-1.807403547850677361e+00	6.545301257646786164e-01	2.000000000000000000e+00	3.000000000000000000e+00
-2.108132588820357700e+00	7.602551638939641920e-01	2.000000000000000000e+00	3.000000000000000000e+00
-1.752653914885316633e+00	5.995390030082606847e-01	2.000000000000000000e+00	3.000000000000000000e+00
-1.382711961062533801e+00	6.179787373349858726e-01	2.000000000000000000e+00	3.000000000000000000e+00
-1.382711961062533801e+00	6.179787373349858726e-01	2.000000000000000000e+00	3.000000000000000000e+00
-1.358801856293675447e+00	-8.174409652956307060e-01	3.000000000000000000e+00	3.000000000000000000e+00
-9.239404470271033176e-01	-3.642788888230045763e-01	3.000000000000000000e+00	3.000000000000000000e+00
-1.496580502466855478e+00	-5.988767389132695351e-01	3.000000000000000000e+00	3.000000000000000000e+00
-2.190017636564018100e-01	-8.787743514693963087e-01	3.000000000000000000e+00	4.000000000000000000e+00
-1.273121474313403390e-01	-8.917308501802354570e-01	3.000000000000000000e+00	4.000000000000000000e+00
6.201987986121551000e-01	-1.194923364263484888e+00	3.000000000000000000e+00	4.000000000000000000e+00
-9.335154214013756391e-02	-9.982025913385869087e-01	3.000000000000000000e+00	4.000000000000000000e+00
-1.802483925393306152e-01	2.165802568334265488e-01	2.000000000000000000e+00	4.000000000000000000e+00
1.935988116250269564e-01	7.104757806907192712e-03	2.000000000000000000e+00	4.000000000000000000e+00
-5.433485929116840252e-01	2.755042309814524359e-01	2.000000000000000000e+00	4.000000000000000000e+00
-3.969798536426985547e-01	1.344328061052610934e-01	2.000000000000000000e+00	4.000000000000000000e+00
4.069258739341229392e-01	-9.264578816772148784e-01	3.000000000000000000e+00	4.000000000000000000e+00
-3.521710412177633254e-01	9.892479606409991522e-02	2.000000000000000000e+00	4.000000000000000000e+00
-5.670049602891501506e-01	3.227869913165999360e-01	2.000000000000000000e+00	4.000000000000000000e+00
-6.659695921895811832e-01	-9.758738872526220298e-01	3.000000000000000000e+00	4.000000000000000000e+00
-1.397721498930057482e+00	1.020370702114672401e-01	2.000000000000000000e+00	4.000000000000000000e+00
-1.439452658686686259e+00	5.780819167856374174e-02	2.000000000000000000e+00	4.000000000000000000e+00
-6.980117673503222209e-01	-8.273524444618211016e-01	3.000000000000000000e+00	4.000000000000000000e+00
-1.201370559521194981e+00	4.629803954014454770e-01	2.000000000000000000e+00	4.000000000000000000e+00
8.966288801289976629e-01	1.012390251177964356e-01	2.000000000000000000e+00	4.000000000000000000e+00
7.118761353033166150e-01	1.701133534685362464e-02	2.000000000000000000e+00	4.000000000000000000e+00
9.804446331003532356e-01	-1.180088232589673103e+00	3.000000000000000000e+00	4.000000000000000000e+00
-1.624478127555385454e+00	4.497738802947976455e-01	2.000000000000000000e+00	4.000000000000000000e+00
2.809764764424720757e-02	-1.437785995706194697e+00	3.000000000000000000e+00	5.000000000000000000e+00
2.442074948674858026e-01	-1.369769341656566164e+00	3.000000000000000000e+00	5.000000000000000000e+00
7.777874785329207397e-01	-3.999037648265632572e-01	2.000000000000000000e+00	5.000000000000000000e+00
4.155941638820178641e-01	-1.629344953144004737e+00	3.000000000000000000e+00	5.000000000000000000e+00
5.144832900180067448e-01	-2.654209201734954449e-01	2.000000000000000000e+00	5.000000000000000000e+00
5.384272443626063331e-02	6.695652731893184106e-02	2.000000000000000000e+00	5.000000000000000000e+00
-2.541682783754746211e-01	-1.273636532715407110e+00	3.000000000000000000e+00	5.000000000000000000e+00
-1.062456850828062738e+00	-1.416357265521800135e-01	2.000000000000000000e+00	5.000000000000000000e+00
6.507279868542073520e-02	-1.487675529953984332e+00	3.000000000000000000e+00	5.000000000000000000e+00
-9.595351686282954651e-01	8.829073878444054779e-02	2.000000000000000000e+00	5.000000000000000000e+00
-3.792557279777337143e-01	-1.435245631461948612e+00	3.000000000000000000e+00	5.000000000000000000e+00
-6.885557187118210853e-01	-2.981812154609498819e-02	3.000000000000000000e+00	1.000000000000000000e+00
-1.040811936250604308e+00	3.598238371781763926e-03	3.000000000000000000e+00	1.000000000000000000e+00
-4.042773814217962558e-01	1.143161096929106169e+00	2.000000000000000000e+00	1.000000000000000000e+00
-1.410138303845725138e+00	1.589942945223999371e-01	3.000000000000000000e+00	1.000000000000000000e+00
4.385879889826502231e-01	1.268563434058114670e+00	2.000000000000000000e+00	2.000000000000000000e+00
3.777119165283154834e-01	-4.594503381717249813e-01	3.000000000000000000e+00	2.000000000000000000e+00
2.974561151395782588e-01	-4.270821982751832335e-01	3.000000000000000000e+00	2.000000000000000000e+00
-4.222635111716465661e-01	1.129765302537510063e+00	2.000000000000000000e+00	2.000000000000000000e+00
-4.340152681197024381e-02	9.721846670795839529e-01	2.000000000000000000e+00	2.000000000000000000e+00
8.216103109745734878e-01	9.960405102094828100e-01	2.000000000000000000e+00	2.000000000000000000e+00
5.940760100499648672e-02	1.258318600139351151e+00	2.000000000000000000e+00	2.000000000000000000e+00
-2.295301864849524698e+00	8.239974687596897107e-01	2.000000000000000000e+00	3.000000000000000000e+00
-2.123145666802952469e+00	8.371323343820240570e-01	2.000000000000000000e+00	3.000000000000000000e+00
-2.839011412524714562e-01	-7.613600744203320447e-01	3.000000000000000000e+00	3.000000000000000000e+00
-4.494909993714099050e-01	-1.142690601065944056e-01	2.000000000000000000e+00	5.000000000000000000e+00
-1.457702551145011016e+00	-1.421957149709484725e+00	3.000000000000000000e+00	5.000000000000000000e+00
8.413065651680894375e-01	-1.509778785339899621e+00	3.000000000000000000e+00	6.000000000000000000e+00
-2.088575323768734560e+00	-1.533440072670510634e+00	3.000000000000000000e+00	6.000000000000000000e+00
3.996683267364790626e-01	-6.360807644471963007e-01	2.000000000000000000e+00	6.000000000000000000e+00
-8.370405632262596374e-01	4.053916476735398011e-01	3.000000000000000000e+00	1.000000000000000000e+00
5.020935000867221554e-01	1.394795952232633196e+00	2.000000000000000000e+00	1.000000000000000000e+00
9.142344234884842713e-01	-7.496507009822631074e-02	3.000000000000000000e+00	1.000000000000000000e+00
3.493730017424070966e-02	1.352198705351950414e+00	2.000000000000000000e+00	1.000000000000000000e+00
1.581175948552717037e+00	1.169085435649202864e+00	2.000000000000000000e+00	1.000000000000000000e+00
1.328753114193946372e+00	1.162564221978082957e+00	2.000000000000000000e+00	1.000000000000000000e+00
1.660455989688829570e+00	1.142745401989386345e+00	2.000000000000000000e+00	1.000000000000000000e+00
-2.845253455371857809e-01	1.085833800425241691e+00	2.000000000000000000e+00	2.000000000000000000e+00
-3.574676380217567950e-01	1.188229318013479974e+00	2.000000000000000000e+00	2.000000000000000000e+00
1.649879929509383281e-01	9.198023764372563749e-01	2.000000000000000000e+00	2.000000000000000000e+00
1.149756434199746158e+00	1.061269008349918108e+00	2.000000000000000000e+00	2.000000000000000000e+00
1.415140205664964679e+00	8.704421444075394199e-01	2.000000000000000000e+00	2.000000000000000000e+00
1.758855178180241730e+00	9.661961608971501025e-01	2.000000000000000000e+00	2.000000000000000000e+00
1.965932564410389327e+00	9.154077378403220333e-01	2.000000000000000000e+00	2.000000000000000000e+00
1.965932564410389327e+00	9.154077378403220333e-01	2.000000000000000000e+00	2.000000000000000000e+00
8.803167070782034198e-01	1.818922653360121322e-01	2.000000000000000000e+00	4.000000000000000000e+00
-4.186585721969467433e-01	-3.495135008638473595e-01	3.000000000000000000e+00	3.000000000000000000e+00
8.349378384039888301e-01	-4.277135832995507814e-01	3.000000000000000000e+00	3.000000000000000000e+00
1.657376400073742762e+00	-7.561026550337933694e-01	3.000000000000000000e+00	3.000000000000000000e+00
6.321364327950655948e-01	6.696721566953864890e-01	2.000000000000000000e+00	3.000000000000000000e+00
-7.121003930758827982e-01	1.233291128999726566e-01	2.000000000000000000e+00	5.000000000000000000e+00
-8.531422197618058201e-01	-6.431591843296725619e-01	3.000000000000000000e+00	3.000000000000000000e+00
-1.844001001835546827e+00	8.367495779593687733e-01	2.000000000000000000e+00	3.000000000000000000e+00
-2.275096000680029817e+00	-1.707124075550995101e+00	3.000000000000000000e+00	6.000000000000000000e+00
-9.340876288436478214e-01	1.231354203990151774e-01	3.000000000000000000e+00	1.000000000000000000e+00
-1.069096306546093889e+00	7.033665444585357474e-02	3.000000000000000000e+00	1.000000000000000000e+00
-1.911038187441935543e+00	1.597800961241168771e+00	2.000000000000000000e+00	1.000000000000000000e+00
-6.581153920450155681e-01	5.387335610140989162e-02	3.000000000000000000e+00	1.000000000000000000e+00
-8.709677823329092794e-01	8.563229022383351818e-01	2.000000000000000000e+00	3.000000000000000000e+00
-1.112647829202051408e+00	7.878271687367610632e-01	2.000000000000000000e+00	3.000000000000000000e+00
-6.468005657172345435e-01	-6.971723894799037868e-01	3.000000000000000000e+00	3.000000000000000000e+00
-2.014501618629055635e+00	-1.789520692147217318e-01	2.000000000000000000e+00	5.000000000000000000e+00
-1.746265303261133051e+00	-3.371008862848723364e-01	2.000000000000000000e+00	5.000000000000000000e+00
-1.829631006663327675e+00	-2.336404131436503051e-01	2.000000000000000000e+00	5.000000000000000000e+00
-1.499385127284592389e+00	-4.117194508186601265e-01	2.000000000000000000e+00	5.000000000000000000e+00
-1.562365184807047669e+00	-3.459169785616211246e-01	2.000000000000000000e+00	5.000000000000000000e+00
-1.276861019242202300e+00	-1.508559145066318941e+00	3.000000000000000000e+00	5.000000000000000000e+00
-1.707269455696980076e+00	-1.456936016064429129e+00	3.000000000000000000e+00	5.000000000000000000e+00
-2.094935827604571976e+00	3.820459450696281345e-02	2.000000000000000000e+00	5.000000000000000000e+00
-1.414562427766249852e+00	-3.569197062735696147e-01	2.000000000000000000e+00	5.000000000000000000e+00
-2.117459441564323530e+00	-8.821934260381429638e-02	2.000000000000000000e+00	5.000000000000000000e+00
-1.407867423526067974e+00	-3.601594054364644082e-01	2.000000000000000000e+00	5.000000000000000000e+00
-2.006522300301281980e+00	-1.151179243120805662e+00	3.000000000000000000e+00	5.000000000000000000e+00
-1.845625659484606551e+00	-3.152962830100101699e-01	2.000000000000000000e+00	6.000000000000000000e+00
-8.453282396878769589e-01	-1.922433535254704173e+00	3.000000000000000000e+00	6.000000000000000000e+00
-1.817437796574272957e+00	-1.528989262344771616e+00	3.000000000000000000e+00	6.000000000000000000e+00
-1.000961882231863331e+00	-1.825087317209961535e+00	3.000000000000000000e+00	6.000000000000000000e+00
-2.440396726277428652e+00	-1.925546156877174120e+00	3.000000000000000000e+00	7.000000000000000000e+00
-1.695654579382305238e+00	3.722857842800925132e-01	3.000000000000000000e+00	1.000000000000000000e+00
-1.718337995836858756e+00	1.259729068009355357e+00	2.000000000000000000e+00	1.000000000000000000e+00
-2.011810074517328850e+00	-5.567519013184577537e-01	3.000000000000000000e+00	3.000000000000000000e+00
-2.147905900913536836e+00	-3.693388205181588058e-01	3.000000000000000000e+00	3.000000000000000000e+00
-1.325422527167149589e+00	-5.347740410845692322e-02	2.000000000000000000e+00	5.000000000000000000e+00
-1.410840033921282766e+00	-1.291692799487194732e+00	3.000000000000000000e+00	5.000000000000000000e+00
7.072856850834988718e-01	-2.311392030177541912e+00	3.000000000000000000e+00	7.000000000000000000e+00
7.313300350982749887e-01	1.161358669592359449e+00	2.000000000000000000e+00	1.000000000000000000e+00
4.364227371161227276e-01	1.138100206364820899e+00	2.000000000000000000e+00	1.000000000000000000e+00
4.279391707506501330e-01	1.164104930934310778e+00	2.000000000000000000e+00	1.000000000000000000e+00
4.593212247485789837e-03	3.162169243390356432e-01	3.000000000000000000e+00	1.000000000000000000e+00
4.698698085488161036e-01	1.201605811684902880e+00	2.000000000000000000e+00	1.000000000000000000e+00
9.009577431415752846e-01	5.727430347909158448e-03	3.000000000000000000e+00	1.000000000000000000e+00
7.761064302160164408e-01	1.641691905481522384e-01	3.000000000000000000e+00	1.000000000000000000e+00
3.321426267900133289e-01	3.739332799023321607e-01	3.000000000000000000e+00	1.000000000000000000e+00
5.184714658847217050e-01	9.703151417347748164e-02	3.000000000000000000e+00	1.000000000000000000e+00
-8.071001003327348267e-01	4.073205846100742544e-01	3.000000000000000000e+00	1.000000000000000000e+00
-6.099868558390793005e-01	-3.162793735325833411e-01	3.000000000000000000e+00	2.000000000000000000e+00
-5.686757751243278758e-01	9.461558195800202631e-01	2.000000000000000000e+00	2.000000000000000000e+00
-1.632846960756241805e-01	1.137334177529470525e+00	2.000000000000000000e+00	2.000000000000000000e+00
-8.378981595721155529e-01	-4.604731460073063776e-01	3.000000000000000000e+00	2.000000000000000000e+00
-1.622198001996163763e-01	7.566252184885603471e-01	2.000000000000000000e+00	2.000000000000000000e+00
1.003888278213659113e+00	-4.398735079037739970e-01	3.000000000000000000e+00	2.000000000000000000e+00
1.928372778620651706e+00	7.881143283654391540e-01	2.000000000000000000e+00	2.000000000000000000e+00
-4.185724525732369972e-01	-2.498043773252331401e-01	3.000000000000000000e+00	2.000000000000000000e+00
1.289343288466366255e+00	-7.686241143688790078e-01	3.000000000000000000e+00	3.000000000000000000e+00
7.460532831543660315e-01	-7.699215463342037324e-01	3.000000000000000000e+00	3.000000000000000000e+00
-8.489608238612237345e-01	2.962543696061191723e-01	2.000000000000000000e+00	3.000000000000000000e+00
2.310841133596222285e-01	-3.322534567525265992e-01	3.000000000000000000e+00	3.000000000000000000e+00
-2.184489665209368159e-01	6.418092689975022358e-01	2.000000000000000000e+00	3.000000000000000000e+00
4.542429484922734240e-01	-8.749969346700751105e-01	3.000000000000000000e+00	4.000000000000000000e+00
9.577115445716685160e-01	-1.167931614960074249e+00	3.000000000000000000e+00	4.000000000000000000e+00
1.586235873278948882e-02	-2.209425738741639111e-01	2.000000000000000000e+00	5.000000000000000000e+00
-6.332435195878245437e-01	9.744832076789430864e-02	2.000000000000000000e+00	5.000000000000000000e+00
-1.384276396780440122e+00	-1.516731149666529888e+00	3.000000000000000000e+00	6.000000000000000000e+00
-1.286207702337694325e+00	-1.505967007758946430e+00	3.000000000000000000e+00	6.000000000000000000e+00
-4.355411923476769087e-01	-7.120726526380013466e-01	2.000000000000000000e+00	7.000000000000000000e+00
2.840831319384075071e-01	3.280822408614748886e-02	3.000000000000000000e+00	1.000000000000000000e+00
1.144180022362111915e+00	2.057925613144837365e-03	3.000000000000000000e+00	1.000000000000000000e+00
-1.980427007383762927e-01	1.461235411089647274e+00	2.000000000000000000e+00	1.000000000000000000e+00
5.456774507932005136e-01	1.538471543799881658e-01	3.000000000000000000e+00	1.000000000000000000e+00
-4.966545087664049341e-01	-3.350197322451096971e-02	3.000000000000000000e+00	1.000000000000000000e+00
-1.339557230613425576e+00	1.603152486923693942e+00	2.000000000000000000e+00	1.000000000000000000e+00
7.945575443008495720e-01	1.886285467073699207e-02	3.000000000000000000e+00	1.000000000000000000e+00
-6.072587976975083457e-01	-2.590167859538500261e-01	3.000000000000000000e+00	2.000000000000000000e+00
-1.327574884036763381e+00	-1.135215044166353326e+00	3.000000000000000000e+00	5.000000000000000000e+00
-2.274033657060391678e-01	-1.611420332535522748e+00	3.000000000000000000e+00	5.000000000000000000e+00
-6.686159784351618507e-01	-1.847885273136065321e+00	3.000000000000000000e+00	6.000000000000000000e+00
-6.780527941766991695e-01	-1.827093935874478881e+00	3.000000000000000000e+00	6.000000000000000000e+00
1.966611562358586418e-01	-2.167175182391644750e+00	3.000000000000000000e+00	7.000000000000000000e+00
-1.830329549770641773e+00	-2.244212698343625689e+00	3.000000000000000000e+00	7.000000000000000000e+00
-3.479743250282251177e-01	-2.970655106076402693e-02	3.000000000000000000e+00	1.000000000000000000e+00
-1.518046753808005800e+00	1.251277879222624900e+00	2.000000000000000000e+00	1.000000000000000000e+00
-1.181674923199969029e+00	1.546002661256556249e-02	3.000000000000000000e+00	1.000000000000000000e+00
-1.618547256871864792e-01	1.177474499685370990e+00	2.000000000000000000e+00	1.000000000000000000e+00
-1.251402172695752935e+00	1.608323420963862382e+00	2.000000000000000000e+00	1.000000000000000000e+00
-1.085772077118664747e+00	1.139541653820207029e-01	3.000000000000000000e+00	1.000000000000000000e+00
-1.617756804329377740e+00	1.418624348369280863e+00	2.000000000000000000e+00	1.000000000000000000e+00
3.210019542208277787e-01	1.587194228934362350e+00	2.000000000000000000e+00	1.000000000000000000e+00
6.939451470646162967e-01	1.261445350462641279e+00	2.000000000000000000e+00	1.000000000000000000e+00
3.429693400366529699e-01	1.531473299197907645e+00	2.000000000000000000e+00	1.000000000000000000e+00
1.772820326710589089e+00	1.516021975819968226e+00	2.000000000000000000e+00	1.000000000000000000e+00
1.110959409594300284e+00	1.327247272104776554e+00	2.000000000000000000e+00	1.000000000000000000e+00
1.159909831058662188e+00	1.131148039325380744e-01	3.000000000000000000e+00	1.000000000000000000e+00
1.558642539476752242e+00	1.180637324999890492e+00	2.000000000000000000e+00	1.000000000000000000e+00
1.326944701569612528e+00	1.247740633138634925e+00	2.000000000000000000e+00	1.000000000000000000e+00
3.419707096344025699e-01	1.100179458249217701e+00	2.000000000000000000e+00	2.000000000000000000e+00
5.809237886605857215e-02	4.216539467288862864e-02	3.000000000000000000e+00	2.000000000000000000e+00
-1.631280935287479972e+00	-5.362690871529500296e-03	3.000000000000000000e+00	2.000000000000000000e+00
-4.552876194871798288e-01	-4.603520294861965789e-01	3.000000000000000000e+00	3.000000000000000000e+00
-5.922061271790535208e-01	8.063187938455044224e-01	2.000000000000000000e+00	3.000000000000000000e+00
-1.279177691675716044e+00	-7.548756930184371550e-01	3.000000000000000000e+00	4.000000000000000000e+00
-1.382048337082078637e+00	2.949415643802714704e-01	2.000000000000000000e+00	4.000000000000000000e+00
-1.987987077146202264e+00	-7.664928632111862594e-01	3.000000000000000000e+00	4.000000000000000000e+00
-2.018524248722372683e+00	-7.759339427248597154e-01	3.000000000000000000e+00	4.000000000000000000e+00
-1.407616377222321802e+00	-1.033179629160260848e+00	3.000000000000000000e+00	4.000000000000000000e+00
-1.334338839153813794e+00	1.751831700027271510e-01	2.000000000000000000e+00	4.000000000000000000e+00
-4.521405294643849326e-01	4.258101651408012500e-02	2.000000000000000000e+00	4.000000000000000000e+00
-1.492017745894054892e+00	1.146513680833183280e-01	2.000000000000000000e+00	4.000000000000000000e+00
-1.445254179289923169e+00	-8.889879556119167914e-01	3.000000000000000000e+00	3.000000000000000000e+00
-1.394968352277766943e+00	-5.236035114473971408e-01	3.000000000000000000e+00	3.000000000000000000e+00
4.394556353150684824e-01	-1.194948125115963711e+00	3.000000000000000000e+00	4.000000000000000000e+00
4.223208398240432260e-01	1.723798552992277244e-01	2.000000000000000000e+00	4.000000000000000000e+00
-1.918198368734528314e+00	1.754696033960916890e-01	2.000000000000000000e+00	4.000000000000000000e+00
-3.246594330970627995e-01	1.696450976705647651e-01	2.000000000000000000e+00	4.000000000000000000e+00
-1.049280238591349557e+00	5.004194005805895351e-01	2.000000000000000000e+00	4.000000000000000000e+00
-9.119509711275485264e-01	7.865570265447806297e-02	2.000000000000000000e+00	4.000000000000000000e+00
-7.753150780191905289e-01	-1.354378484996378251e+00	3.000000000000000000e+00	5.000000000000000000e+00
-1.882468013665612727e-01	-1.030806653922285848e-01	2.000000000000000000e+00	5.000000000000000000e+00
9.787371816490783027e-01	-3.912917397600162994e-01	2.000000000000000000e+00	5.000000000000000000e+00
9.563556585807769794e-01	-1.519930272817447747e+00	3.000000000000000000e+00	5.000000000000000000e+00
-1.528385622505425090e+00	-1.355531427382210330e+00	3.000000000000000000e+00	5.000000000000000000e+00
1.293945220606496915e-01	-1.439735331340986191e+00	3.000000000000000000e+00	5.000000000000000000e+00
-6.139509956145055014e-01	-6.343358790055170227e-02	2.000000000000000000e+00	5.000000000000000000e+00
-1.433146984332365204e+00	1.085540416752077963e-01	2.000000000000000000e+00	5.000000000000000000e+00
5.356908179914018353e-01	-3.807952388669327837e-01	2.000000000000000000e+00	5.000000000000000000e+00
-1.160475179519113942e+00	-1.569783938697061343e+00	3.000000000000000000e+00	5.000000000000000000e+00
-1.389860216235571766e+00	-1.138405077278091593e+00	3.000000000000000000e+00	5.000000000000000000e+00
-5.335858163380946539e-01	1.002981239345908521e-01	2.000000000000000000e+00	5.000000000000000000e+00
-2.076531067499951089e+00	-3.044471613570779445e-01	2.000000000000000000e+00	6.000000000000000000e+00
-9.314593628798149005e-01	-6.645060758114313959e-01	2.000000000000000000e+00	7.000000000000000000e+00
-1.019676867487398386e+00	-1.879115006533673471e+00	3.000000000000000000e+00	7.000000000000000000e+00
-1.168449755109335353e+00	-1.889114346728229421e+00	3.000000000000000000e+00	7.000000000000000000e+00
1.233710788198655539e+00	-9.125108935011327915e-02	3.000000000000000000e+00	1.000000000000000000e+00
-4.628228868410577679e-01	1.622167304770452789e+00	2.000000000000000000e+00	1.000000000000000000e+00
1.339318557147586075e+00	-4.813232718712921049e-02	3.000000000000000000e+00	1.000000000000000000e+00
-1.235945162893228755e+00	1.618059979214102384e+00	2.000000000000000000e+00	1.000000000000000000e+00
-1.321366870059599297e+00	7.987878087247474168e-01	2.000000000000000000e+00	2.000000000000000000e+00
-5.537669302342048683e-01	-3.625666822901107422e-01	3.000000000000000000e+00	2.000000000000000000e+00
-1.183464641592521627e+00	9.564819090123167777e-01	2.000000000000000000e+00	2.000000000000000000e+00
-1.220134169421473125e+00	1.020276104660060357e+00	2.000000000000000000e+00	2.000000000000000000e+00
-1.655593260324717653e+00	7.883369192644558154e-01	2.000000000000000000e+00	2.000000000000000000e+00
9.107801358577057860e-01	-3.295263589009196914e-01	3.000000000000000000e+00	2.000000000000000000e+00
1.070871006223778954e+00	-5.919026369048069336e-01	3.000000000000000000e+00	3.000000000000000000e+00
1.181787368494949142e+00	-6.452826770654940258e-01	3.000000000000000000e+00	3.000000000000000000e+00
1.181787368494949142e+00	-6.452826770654940258e-01	3.000000000000000000e+00	3.000000000000000000e+00
5.612888623755862838e-01	-8.171532546151900611e-01	3.000000000000000000e+00	3.000000000000000000e+00
-6.890010091220966082e-01	-3.590486054660718684e-01	3.000000000000000000e+00	3.000000000000000000e+00
6.077718584711536143e-02	5.390110757669340780e-01	2.000000000000000000e+00	3.000000000000000000e+00
1.121089707334897989e-01	-7.311672287486049582e-01	3.000000000000000000e+00	3.000000000000000000e+00
8.336078157446140668e-01	9.482420991265530508e-02	2.000000000000000000e+00	4.000000000000000000e+00
9.859355690094006031e-01	9.902690961224491772e-02	2.000000000000000000e+00	4.000000000000000000e+00
1.134547954061307706e+00	1.032370678465804187e-01	2.000000000000000000e+00	4.000000000000000000e+00
-1.356375198493322935e-02	4.957356344519603386e-01	2.000000000000000000e+00	4.000000000000000000e+00
2.323268297749089273e-01	-1.375225997957816082e+00	3.000000000000000000e+00	5.000000000000000000e+00
8.105996962097401504e-01	-3.588344278330731774e-01	2.000000000000000000e+00	5.000000000000000000e+00
7.613587928557559170e-01	-3.262046576692411159e-01	2.000000000000000000e+00	5.000000000000000000e+00
5.250816219352513192e-01	-1.536346652948006541e+00	3.000000000000000000e+00	5.000000000000000000e+00
1.188447634653569118e-01	1.582693752557466915e+00	2.000000000000000000e+00	1.000000000000000000e+00
1.188447634653569118e-01	1.582693752557466915e+00	2.000000000000000000e+00	1.000000000000000000e+00
-2.737891274876098624e-01	2.071165548024981803e-02	3.000000000000000000e+00	1.000000000000000000e+00
-2.168027402392138370e-01	1.245062059295413137e+00	2.000000000000000000e+00	1.000000000000000000e+00
-1.284343750683680119e+00	1.599550182211520122e+00	2.000000000000000000e+00	1.000000000000000000e+00
-1.252217570300525384e+00	1.601076922984306927e+00	2.000000000000000000e+00	1.000000000000000000e+00
6.342911668446136186e-01	-5.791744217312833759e-02	3.000000000000000000e+00	1.000000000000000000e+00
-7.502654523476161019e-01	1.509224015992138401e+00	2.000000000000000000e+00	1.000000000000000000e+00
-9.169643623794082599e-01	1.608360075715186577e+00	2.000000000000000000e+00	1.000000000000000000e+00
3.463610221586793658e-01	1.265698713821926447e+00	2.000000000000000000e+00	2.000000000000000000e+00
-1.148799465005019838e-01	1.195433289515422048e+00	2.000000000000000000e+00	2.000000000000000000e+00
9.309970225224940554e-01	9.422657324197931672e-01	2.000000000000000000e+00	2.000000000000000000e+00
1.365555777869605081e-01	1.259224549300021145e+00	2.000000000000000000e+00	2.000000000000000000e+00
4.392440557490310260e-01	1.267766500265365082e+00	2.000000000000000000e+00	2.000000000000000000e+00
8.093942169848243884e-01	3.693473604960019752e-01	2.000000000000000000e+00	3.000000000000000000e+00
9.449102747588965512e-01	3.976278153827381701e-01	2.000000000000000000e+00	3.000000000000000000e+00
7.480954799621027940e-01	3.858837090928661784e-01	2.000000000000000000e+00	3.000000000000000000e+00
6.141783602434313094e-01	4.110073977859543537e-01	2.000000000000000000e+00	3.000000000000000000e+00
8.711376653681072169e-01	3.896147878752559413e-01	2.000000000000000000e+00	3.000000000000000000e+00
9.196324584494700582e-01	4.027479256826905218e-01	2.000000000000000000e+00	3.000000000000000000e+00
1.198720832721658303e+00	-5.872529898329944542e-01	3.000000000000000000e+00	3.000000000000000000e+00
9.490477747336996117e-01	2.999222936639824033e-02	2.000000000000000000e+00	5.000000000000000000e+00
-2.048559028603333942e+00	5.944788129095494172e-02	2.000000000000000000e+00	5.000000000000000000e+00
-2.026982244176172010e+00	6.850914024511824130e-02	2.000000000000000000e+00	5.000000000000000000e+00
7.118405896131033694e-01	1.000193936028996200e+00	2.000000000000000000e+00	2.000000000000000000e+00
-9.553565601856063572e-02	1.140645845137881587e+00	2.000000000000000000e+00	2.000000000000000000e+00
-2.117150509234580480e-01	5.296000864186050511e-02	3.000000000000000000e+00	2.000000000000000000e+00
-1.814506284158985405e-01	1.084920073768622650e+00	2.000000000000000000e+00	2.000000000000000000e+00
-4.203584131764446785e-01	-3.832864573748846482e-01	3.000000000000000000e+00	2.000000000000000000e+00
3.181774782596659135e-01	-1.758925350204855464e-01	3.000000000000000000e+00	2.000000000000000000e+00
-1.150913193336846163e+00	8.126683842932667240e-03	3.000000000000000000e+00	2.000000000000000000e+00
3.390531227784812085e-01	3.799859039358051138e-01	2.000000000000000000e+00	3.000000000000000000e+00
1.011519963387127907e+00	-8.165686657843085339e-01	3.000000000000000000e+00	3.000000000000000000e+00
2.795183595978053548e-01	4.228169648581712181e-01	2.000000000000000000e+00	3.000000000000000000e+00
5.449202496773783988e-01	-8.287596516498378918e-01	3.000000000000000000e+00	3.000000000000000000e+00
2.787749918016758088e-01	-7.700741048623540586e-01	3.000000000000000000e+00	3.000000000000000000e+00
1.426104522116563578e+00	-8.042732604323376000e-01	3.000000000000000000e+00	3.000000000000000000e+00
6.499137743001405232e-01	3.565848568984321676e-01	2.000000000000000000e+00	3.000000000000000000e+00
6.176688777495142890e-01	3.716762688654227098e-01	2.000000000000000000e+00	3.000000000000000000e+00
3.308012837996967548e-01	4.079071860523689197e-01	2.000000000000000000e+00	3.000000000000000000e+00
7.810623553385223072e-01	4.488313048967036423e-01	2.000000000000000000e+00	3.000000000000000000e+00
8.841230610412207369e-01	6.744704097495881623e-01	2.000000000000000000e+00	3.000000000000000000e+00
8.492709820221542305e-01	-7.119610326905186914e-01	3.000000000000000000e+00	3.000000000000000000e+00
-9.813342123770246728e-01	8.529641854807098467e-01	2.000000000000000000e+00	3.000000000000000000e+00
-4.434139800266913567e-01	4.798702614939322486e-01	2.000000000000000000e+00	3.000000000000000000e+00
4.425778894689292309e-01	-7.987946072870608649e-01	3.000000000000000000e+00	3.000000000000000000e+00
6.851186225024301357e-02	-7.883477724451338764e-01	3.000000000000000000e+00	3.000000000000000000e+00
-5.333845853073937437e-01	7.490214572851062735e-01	2.000000000000000000e+00	3.000000000000000000e+00
-3.009480967783562666e-01	5.845742176170125592e-01	2.000000000000000000e+00	3.000000000000000000e+00
1.327925787635439170e-01	-8.126248612943161032e-01	3.000000000000000000e+00	3.000000000000000000e+00
-1.713329698417117353e+00	8.278693028186424607e-01	2.000000000000000000e+00	3.000000000000000000e+00
2.118998092246625331e-01	-7.930099700020808162e-03	2.000000000000000000e+00	4.000000000000000000e+00
-2.117740313790033913e+00	4.361777881531544998e-01	2.000000000000000000e+00	4.000000000000000000e+00
-2.397481687440084830e+00	4.290484019986705033e-01	2.000000000000000000e+00	4.000000000000000000e+00
-1.508090500211884066e+00	7.427523546881834027e-02	2.000000000000000000e+00	5.000000000000000000e+00
-1.608779722827470282e+00	-2.996392250372688637e-01	2.000000000000000000e+00	6.000000000000000000e+00
-1.805722350581576263e+00	-8.069013514502034745e-01	2.000000000000000000e+00	7.000000000000000000e+00
-2.274731460756113766e+00	-8.602680613498553397e-01	2.000000000000000000e+00	7.000000000000000000e+00
-2.393605803145534491e-02	1.795622719392017397e-01	3.000000000000000000e+00	1.000000000000000000e+00
-1.609994134867211435e-01	1.897261793767486826e-01	3.000000000000000000e+00	1.000000000000000000e+00
7.535777100854719468e-02	1.473757652038482635e-01	3.000000000000000000e+00	1.000000000000000000e+00
-1.492702040298716781e+00	2.199633605484240251e-01	3.000000000000000000e+00	1.000000000000000000e+00
-1.677346798319251375e+00	-9.540988223229264487e-02	3.000000000000000000e+00	2.000000000000000000e+00
-2.137218876884017682e+00	-1.933114503793718908e-02	3.000000000000000000e+00	2.000000000000000000e+00
-9.402476104838221049e-01	1.062707445314177157e+00	2.000000000000000000e+00	2.000000000000000000e+00
-1.537082679558191112e+00	1.212858301038371334e+00	2.000000000000000000e+00	2.000000000000000000e+00
-2.648346780694605940e+00	3.794678460898601280e+00	3.000000000000000000e+00	3.000000000000000000e+00
1.920457427513160953e+00	-2.847253712081086463e-01	3.000000000000000000e+00	3.000000000000000000e+00
8.104143816586990567e-01	4.401143227205282088e-02	2.000000000000000000e+00	4.000000000000000000e+00
-5.265004842324295664e-01	-7.319877652679147584e-01	3.000000000000000000e+00	4.000000000000000000e+00
5.850129039815239462e-01	3.208806998364351765e-02	2.000000000000000000e+00	4.000000000000000000e+00
-1.810678241343043338e+00	-8.837267672975839261e-01	3.000000000000000000e+00	4.000000000000000000e+00
-1.602623296122361873e+00	4.502604182814891609e-01	2.000000000000000000e+00	4.000000000000000000e+00
1.347962632106580294e+00	5.376195070817645777e-02	2.000000000000000000e+00	4.000000000000000000e+00
-2.184717451286031675e+00	-2.077873950554065985e+00	4.000000000000000000e+00	4.000000000000000000e+00
4.723333803268821574e-01	-3.916442927232996474e-01	2.000000000000000000e+00	5.000000000000000000e+00
-1.420373991870104380e+00	8.223170851623806676e-02	2.000000000000000000e+00	5.000000000000000000e+00
1.202847631836456932e+00	-2.300981459901382031e+00	3.000000000000000000e+00	7.000000000000000000e+00
1.408791549753668271e+00	-2.101066757690203790e+00	3.000000000000000000e+00	7.000000000000000000e+00
2.772113565436534532e+00	5.006933124865832196e-01	3.000000000000000000e+00	1.000000000000000000e+00
-1.207636585667841572e-01	-2.304454742806492540e+00	3.000000000000000000e+00	7.000000000000000000e+00
1.726159333940278540e+00	-2.330083321320392642e+00	3.000000000000000000e+00	7.000000000000000000e+00
2.107948806679217912e-01	-2.237277636334727760e+00	3.000000000000000000e+00	7.000000000000000000e+00
1.994371654201387178e+00	-1.799857040865221913e+00	3.000000000000000000e+00	7.000000000000000000e+00
-4.960413401032091052e-01	1.619714537173497559e+00	2.000000000000000000e+00	1.000000000000000000e+00
1.973434843098244462e+00	4.212926818008631002e-01	3.000000000000000000e+00	1.000000000000000000e+00
2.384097196605601265e+00	1.534950472864246684e+00	2.000000000000000000e+00	1.000000000000000000e+00
3.748760800858127684e+00	1.196102444075286542e+00	2.000000000000000000e+00	1.000000000000000000e+00
3.406047342820383239e+00	1.223236856410442996e+00	2.000000000000000000e+00	1.000000000000000000e+00
3.517330175033388961e+00	1.228876543301232305e+00	2.000000000000000000e+00	1.000000000000000000e+00
-2.034703550650714732e+00	1.534637632642229521e+00	2.000000000000000000e+00	1.000000000000000000e+00
2.134854947021843863e+00	1.148516777753935125e+00	2.000000000000000000e+00	2.000000000000000000e+00
2.222499381519541739e+00	1.038047994254407635e+00	2.000000000000000000e+00	2.000000000000000000e+00
1.065270831886782510e+00	1.748476661730396370e-02	3.000000000000000000e+00	2.000000000000000000e+00
1.815564248137992331e+00	1.025472027235361905e+00	2.000000000000000000e+00	2.000000000000000000e+00
1.934772091104840053e+00	1.197567323124353322e+00	2.000000000000000000e+00	2.000000000000000000e+00
2.359092077975940782e+00	1.041088856671229301e+00	2.000000000000000000e+00	2.000000000000000000e+00
2.051485564044854826e+00	-2.398063089489773370e-01	3.000000000000000000e+00	2.000000000000000000e+00
-1.186310944245152488e+00	-1.060731784389842974e-01	3.000000000000000000e+00	2.000000000000000000e+00
1.783088552693505857e+00	9.147840705293094898e-02	3.000000000000000000e+00	2.000000000000000000e+00
-2.194612642233938704e+00	1.197911929265777164e+00	2.000000000000000000e+00	2.000000000000000000e+00
2.417895252666912409e+00	-7.856810407873398017e-01	3.000000000000000000e+00	3.000000000000000000e+00
1.569672865551114738e+00	-7.890634009964562212e-01	3.000000000000000000e+00	3.000000000000000000e+00
1.848945180162598678e+00	3.955936860429469792e-01	2.000000000000000000e+00	3.000000000000000000e+00
1.461208134985922502e+00	-7.824064744870290466e-01	3.000000000000000000e+00	3.000000000000000000e+00
3.878221387543387411e-01	5.206770287739039826e-01	2.000000000000000000e+00	3.000000000000000000e+00
1.065663851484292213e+00	4.859772958094337736e-01	2.000000000000000000e+00	3.000000000000000000e+00
4.202592551069615490e-01	4.533998649699197969e-01	2.000000000000000000e+00	3.000000000000000000e+00
6.792813012159814035e-01	-7.672696116046262560e-01	3.000000000000000000e+00	3.000000000000000000e+00
2.096010441202438734e+00	4.579350883429567642e-01	2.000000000000000000e+00	3.000000000000000000e+00
6.906250725460647555e-01	-7.028919962404069910e-01	3.000000000000000000e+00	3.000000000000000000e+00
8.348778745316403072e-01	4.032118369005072145e-01	2.000000000000000000e+00	3.000000000000000000e+00
3.480016580145614546e-01	-7.207235580837678679e-01	3.000000000000000000e+00	3.000000000000000000e+00
1.354866757501351771e+00	8.027804383580839920e-01	2.000000000000000000e+00	3.000000000000000000e+00
1.341891010200066292e+00	1.642586384863505611e+00	1.000000000000000000e+00	3.000000000000000000e+00
3.342762779915262161e+00	-2.394458101692410190e-01	3.000000000000000000e+00	3.000000000000000000e+00
3.436472728530239745e-02	4.318096881459251857e-01	2.000000000000000000e+00	3.000000000000000000e+00
-1.615989144584835557e+00	7.210051219720284843e-01	2.000000000000000000e+00	3.000000000000000000e+00
-1.795780880487308107e+00	8.326309011215202727e-01	2.000000000000000000e+00	3.000000000000000000e+00
2.105581404985032989e+00	-7.141823945391561068e-01	3.000000000000000000e+00	4.000000000000000000e+00
2.585846418379209588e+00	-1.548747989344011700e+00	3.000000000000000000e+00	5.000000000000000000e+00
2.023225161049830856e+00	-1.493075774787138599e+00	3.000000000000000000e+00	5.000000000000000000e+00
6.614522982322249556e-01	-2.031437820329311250e-01	2.000000000000000000e+00	5.000000000000000000e+00
2.034071466736708356e+00	-2.462085354134403992e-01	2.000000000000000000e+00	5.000000000000000000e+00
1.876503738116736431e+00	-1.886846040419795756e+00	3.000000000000000000e+00	6.000000000000000000e+00
1.680934842089076398e+00	-1.854467825086566268e+00	3.000000000000000000e+00	6.000000000000000000e+00
-9.419316605776557605e-01	-2.888660377864836759e-01	2.000000000000000000e+00	6.000000000000000000e+00
-1.333024048894444924e+00	-7.493641146556154764e-01	2.000000000000000000e+00	6.000000000000000000e+00
-1.432081380047079966e+00	1.594277445586851805e+00	2.000000000000000000e+00	1.000000000000000000e+00
-1.419516019562333087e+00	3.232151612461759971e-01	3.000000000000000000e+00	1.000000000000000000e+00
7.863408731035380628e-01	-4.514002150606697544e-02	3.000000000000000000e+00	1.000000000000000000e+00
-2.301119714733397270e+00	5.495977829148675914e-02	2.000000000000000000e+00	5.000000000000000000e+00
-1.125574621375213580e+00	-1.521485888860086400e+00	3.000000000000000000e+00	5.000000000000000000e+00
-2.103851002220636257e+00	5.677422030489165383e-02	2.000000000000000000e+00	5.000000000000000000e+00
-1.865243042531270712e+00	-1.914748418101810401e+00	3.000000000000000000e+00	6.000000000000000000e+00
-9.444377329208405447e-01	-1.884127332364642138e+00	3.000000000000000000e+00	7.000000000000000000e+00
-7.755993183212607223e-01	1.104361318988272389e+00	2.000000000000000000e+00	1.000000000000000000e+00
-8.682839703249459751e-01	1.089697095691209316e+00	2.000000000000000000e+00	1.000000000000000000e+00
-7.709252978783079913e-01	-7.791683772103460970e-02	3.000000000000000000e+00	1.000000000000000000e+00
2.394379468368144970e+00	9.169077108887660477e-02	3.000000000000000000e+00	1.000000000000000000e+00
2.379907152294851613e+00	1.277584102803747124e+00	2.000000000000000000e+00	1.000000000000000000e+00
2.333521912691076228e+00	1.248446475720454529e+00	2.000000000000000000e+00	1.000000000000000000e+00
2.437433064467812383e+00	9.346078085500909849e-02	3.000000000000000000e+00	1.000000000000000000e+00
-3.576895439289791701e-01	1.071125282110735322e+00	2.000000000000000000e+00	1.000000000000000000e+00
1.581308095375756562e+00	1.202205188004179082e+00	2.000000000000000000e+00	1.000000000000000000e+00
-2.107756238012425953e+00	3.655985038650276797e-01	3.000000000000000000e+00	1.000000000000000000e+00
-8.522893656157748410e-01	-5.212037846727884949e-01	3.000000000000000000e+00	2.000000000000000000e+00
4.984195716155190858e-01	-4.932843988860609596e-01	3.000000000000000000e+00	2.000000000000000000e+00
1.547037815412289463e+00	8.163569708117920376e-01	2.000000000000000000e+00	2.000000000000000000e+00
1.172379886781951930e+00	1.004751144820713593e+00	2.000000000000000000e+00	2.000000000000000000e+00
1.172379886781951930e+00	1.004751144820713593e+00	2.000000000000000000e+00	2.000000000000000000e+00
-1.093447125724026581e+00	9.508759214987705377e-01	2.000000000000000000e+00	2.000000000000000000e+00
-5.794076688350606741e-01	1.241301825021376093e+00	2.000000000000000000e+00	2.000000000000000000e+00
-3.702613798358992403e-01	3.082585028406933242e-02	3.000000000000000000e+00	2.000000000000000000e+00
9.628541920853392888e-01	-4.126820327672471311e-01	3.000000000000000000e+00	2.000000000000000000e+00
5.881031525602420373e-01	8.186053508831102610e-01	2.000000000000000000e+00	2.000000000000000000e+00
-9.523266915241034303e-01	8.620105273653814182e-01	2.000000000000000000e+00	3.000000000000000000e+00
-9.794468492287171646e-01	8.488059180283926697e-01	2.000000000000000000e+00	3.000000000000000000e+00
-6.205165744036656994e-01	8.686928056302630763e-01	2.000000000000000000e+00	3.000000000000000000e+00
-2.962188152418361864e-01	7.785111289903735576e-01	2.000000000000000000e+00	3.000000000000000000e+00
3.193993409375109338e-01	-7.470684333763883966e-01	3.000000000000000000e+00	3.000000000000000000e+00
3.707214940553192895e-01	7.207460562619713018e-01	2.000000000000000000e+00	3.000000000000000000e+00
-1.774930077164949216e+00	-6.035782767670999638e-01	3.000000000000000000e+00	3.000000000000000000e+00
1.270387886732620708e-01	-1.215739234063605068e+00	3.000000000000000000e+00	4.000000000000000000e+00
5.174108860135071541e-01	-1.139011626441542635e+00	3.000000000000000000e+00	4.000000000000000000e+00
-9.442839736999077971e-01	8.183105843601559681e-02	2.000000000000000000e+00	4.000000000000000000e+00
-2.206139358018325058e+00	3.770981416590739599e-01	2.000000000000000000e+00	4.000000000000000000e+00
-1.027549947586257062e+00	-7.432701850708316460e-01	3.000000000000000000e+00	4.000000000000000000e+00
1.179239494929211318e+00	-1.166298475721308847e+00	3.000000000000000000e+00	4.000000000000000000e+00
1.184047136021086466e+00	-1.165379907431885798e+00	3.000000000000000000e+00	4.000000000000000000e+00
1.018551608640653416e+00	1.291203976586890734e-01	2.000000000000000000e+00	4.000000000000000000e+00
-3.916421160028179527e-01	-9.556288273920154897e-01	3.000000000000000000e+00	4.000000000000000000e+00
-6.232163065448893535e-01	-1.070717104863168956e+00	3.000000000000000000e+00	4.000000000000000000e+00
-3.691172063848247586e-01	-1.182492054707577456e+00	3.000000000000000000e+00	4.000000000000000000e+00
-1.430875008472427323e+00	-1.239824776186522870e+00	3.000000000000000000e+00	4.000000000000000000e+00
-1.015947055976361701e+00	3.502519354688295866e-02	2.000000000000000000e+00	5.000000000000000000e+00
-9.962575107709036315e-01	-3.027881946608909081e-01	2.000000000000000000e+00	5.000000000000000000e+00
-6.773672546351806600e-01	-1.646334130279203167e+00	3.000000000000000000e+00	5.000000000000000000e+00
-6.221831182264477844e-01	-2.972180003201193577e-01	2.000000000000000000e+00	5.000000000000000000e+00
-8.616085270134634655e-01	-1.492624221550356234e+00	3.000000000000000000e+00	5.000000000000000000e+00
-9.517731090064446287e-01	-1.623300033507951490e+00	3.000000000000000000e+00	5.000000000000000000e+00
-1.892666216598501761e+00	-2.127967056214637442e-01	2.000000000000000000e+00	5.000000000000000000e+00
-9.658371539153494112e-01	-1.452632470663948183e+00	3.000000000000000000e+00	5.000000000000000000e+00
-1.343834009740688673e+00	-2.051016734612289838e-01	2.000000000000000000e+00	5.000000000000000000e+00
-4.568280589593847751e-01	-3.367852586604534459e-01	2.000000000000000000e+00	5.000000000000000000e+00
-1.177214159339480481e+00	-1.130875792900598809e+00	3.000000000000000000e+00	5.000000000000000000e+00
-1.878699614053524813e+00	1.360178433650827579e+00	2.000000000000000000e+00	1.000000000000000000e+00
-2.128593029916196588e+00	1.575254850244144578e+00	2.000000000000000000e+00	1.000000000000000000e+00
-1.588339601150769997e+00	1.087128792868417293e-01	3.000000000000000000e+00	1.000000000000000000e+00
-1.363263969070108272e+00	1.182511228822602289e+00	2.000000000000000000e+00	2.000000000000000000e+00
-7.027929150978819983e-01	4.007912744818035722e-01	3.000000000000000000e+00	1.000000000000000000e+00
-1.522464170882230849e+00	4.136858867014506919e-02	3.000000000000000000e+00	1.000000000000000000e+00
2.372192371495132068e+00	1.265228511198245975e+00	2.000000000000000000e+00	2.000000000000000000e+00
3.344192934261315475e+00	1.123828126451076770e+00	2.000000000000000000e+00	2.000000000000000000e+00
2.186426304314429192e+00	1.261092938311369149e+00	2.000000000000000000e+00	2.000000000000000000e+00
3.934129731841362609e+00	-7.078526017898183476e-01	3.000000000000000000e+00	3.000000000000000000e+00
3.103600259783702242e+00	4.555452418627922717e-01	2.000000000000000000e+00	3.000000000000000000e+00
3.103600259783702242e+00	4.555452418627922717e-01	2.000000000000000000e+00	3.000000000000000000e+00
-1.345590909838537907e+00	5.263947297647478818e-01	2.000000000000000000e+00	3.000000000000000000e+00
-9.121897988918955535e-01	4.737215622793664038e-01	2.000000000000000000e+00	3.000000000000000000e+00
5.680000917810563710e-01	-5.201908476918287727e-01	3.000000000000000000e+00	3.000000000000000000e+00
5.680000917810563710e-01	-5.201908476918287727e-01	3.000000000000000000e+00	3.000000000000000000e+00
2.605847664343516890e+00	6.111103006205003130e-01	2.000000000000000000e+00	3.000000000000000000e+00
1.702858897651938319e+00	-1.219313919927834222e+00	3.000000000000000000e+00	4.000000000000000000e+00
3.710282895036089101e+00	3.753478685555189376e-01	2.000000000000000000e+00	4.000000000000000000e+00
2.272985168792259092e+00	-1.180148080807922550e+00	3.000000000000000000e+00	4.000000000000000000e+00
1.516463991755646834e+00	5.634094868328339695e-02	2.000000000000000000e+00	4.000000000000000000e+00
1.655826348798559389e+00	-1.184081881085581101e+00	3.000000000000000000e+00	4.000000000000000000e+00
1.914988670215241662e+00	1.179833822450629226e-02	2.000000000000000000e+00	4.000000000000000000e+00
3.092624831271244545e+00	-1.113783375813303556e+00	3.000000000000000000e+00	4.000000000000000000e+00
2.144464400261993031e+00	1.690698708476617157e-02	2.000000000000000000e+00	4.000000000000000000e+00
2.415896021459962295e+00	-1.190378954540802114e+00	3.000000000000000000e+00	4.000000000000000000e+00
2.832273809663503616e+00	-1.034452879027794703e+00	3.000000000000000000e+00	4.000000000000000000e+00
1.827509271504188959e+00	9.515769046971075951e-02	2.000000000000000000e+00	4.000000000000000000e+00
1.135341033777155895e+00	5.284363658185151635e-01	2.000000000000000000e+00	4.000000000000000000e+00
1.282861145950066950e+00	5.317204972286821985e-01	2.000000000000000000e+00	4.000000000000000000e+00
1.631254338182865693e+00	8.799330958223706978e-02	2.000000000000000000e+00	4.000000000000000000e+00
3.991097098077094785e+00	-6.032824603841178135e-01	3.000000000000000000e+00	4.000000000000000000e+00
1.099935691293736584e+00	5.286400441973919673e-01	2.000000000000000000e+00	4.000000000000000000e+00
2.464226652276499507e+00	-1.028258205354548371e+00	3.000000000000000000e+00	5.000000000000000000e+00
2.669224455556342690e+00	-1.022702609122065232e+00	3.000000000000000000e+00	5.000000000000000000e+00
4.742868998472824948e+00	-1.863013452541354864e+00	3.000000000000000000e+00	6.000000000000000000e+00
5.083589415659353961e+00	-1.867189242539760041e+00	3.000000000000000000e+00	6.000000000000000000e+00
7.533600475732407098e-01	-2.006033500851904794e+00	3.000000000000000000e+00	7.000000000000000000e+00
-1.527080841385635157e+00	-6.862944514590941791e-01	2.000000000000000000e+00	7.000000000000000000e+00
4.925614435847546768e-01	1.592816951979557638e+00	2.000000000000000000e+00	1.000000000000000000e+00
1.332645981348064279e-01	3.677023843737728392e-01	3.000000000000000000e+00	1.000000000000000000e+00
4.841725916565030041e-01	1.194742002331437458e+00	2.000000000000000000e+00	1.000000000000000000e+00
-5.596442379042307902e-01	4.048797982194661804e-01	3.000000000000000000e+00	1.000000000000000000e+00
-3.142369709092808217e-01	1.574457355765377597e+00	2.000000000000000000e+00	1.000000000000000000e+00
-1.101856845603241597e+00	1.605416174250060779e+00	2.000000000000000000e+00	1.000000000000000000e+00
-1.029164120450938746e+00	1.133231892620285119e+00	2.000000000000000000e+00	1.000000000000000000e+00
-1.604559354641803548e-01	3.730001480597444630e-02	3.000000000000000000e+00	2.000000000000000000e+00
-1.634902626662575020e+00	-2.278863479601344333e-01	3.000000000000000000e+00	2.000000000000000000e+00
-1.206251685350933300e+00	-2.105364824706610627e-01	3.000000000000000000e+00	2.000000000000000000e+00
-1.670169656410954440e-01	3.328976974144209344e-01	2.000000000000000000e+00	3.000000000000000000e+00
-5.042112502586428013e-02	3.799423607755753607e-01	2.000000000000000000e+00	3.000000000000000000e+00
-8.138695117434230353e-01	-6.726619546422748508e-01	3.000000000000000000e+00	3.000000000000000000e+00
-1.478060188938821407e+00	7.788807236669301748e-01	2.000000000000000000e+00	3.000000000000000000e+00
-1.582527102530594920e+00	-1.155497189600738439e+00	3.000000000000000000e+00	4.000000000000000000e+00
2.149211968374911574e+00	1.031310595661588114e-01	2.000000000000000000e+00	4.000000000000000000e+00
-1.784484347776754021e+00	-1.127292649693246496e+00	3.000000000000000000e+00	4.000000000000000000e+00
1.533857251486696383e+00	-3.126558429907571601e-01	2.000000000000000000e+00	5.000000000000000000e+00
1.927276406169504464e+00	-1.383783745639871388e+00	3.000000000000000000e+00	5.000000000000000000e+00
1.353567821522201786e+00	-1.060107495244392739e+00	3.000000000000000000e+00	5.000000000000000000e+00
1.339719656205710763e+00	-4.351694736713304645e-02	2.000000000000000000e+00	5.000000000000000000e+00
-8.248889353451335227e-01	-4.793966080861072898e-02	2.000000000000000000e+00	5.000000000000000000e+00
8.109678145857142362e-02	-1.652640974054445655e-01	2.000000000000000000e+00	5.000000000000000000e+00
8.467843188059728243e-01	-1.528373283851558462e+00	3.000000000000000000e+00	5.000000000000000000e+00
6.780968863195855345e-01	-3.425243843839608227e-01	2.000000000000000000e+00	5.000000000000000000e+00
2.031885579077223003e+00	-1.564122125924406470e+00	3.000000000000000000e+00	5.000000000000000000e+00
-5.219716251891549641e-01	-1.434153306240133707e+00	3.000000000000000000e+00	5.000000000000000000e+00
1.191630600128526174e+00	-3.556802785413674672e-01	2.000000000000000000e+00	5.000000000000000000e+00
1.906362823247421012e+00	-1.582787657057575403e+00	3.000000000000000000e+00	5.000000000000000000e+00
1.742339033116940383e+00	-1.530229224234614938e+00	3.000000000000000000e+00	5.000000000000000000e+00
2.683051428809775540e+00	1.377176234464131177e+00	2.000000000000000000e+00	1.000000000000000000e+00
2.629211600002188121e+00	4.323348113233076856e-02	3.000000000000000000e+00	1.000000000000000000e+00
1.916836168017634900e+00	1.633451461828091533e+00	2.000000000000000000e+00	1.000000000000000000e+00
2.506931917996135795e+00	1.246978514138591621e+00	2.000000000000000000e+00	1.000000000000000000e+00
1.748217993647952495e+00	4.715871083362539462e-01	3.000000000000000000e+00	1.000000000000000000e+00
2.222360392377649596e+00	1.250172053239314574e+00	2.000000000000000000e+00	1.000000000000000000e+00
2.404763371701077457e+00	3.652350615182559795e-02	3.000000000000000000e+00	1.000000000000000000e+00
2.277402232719658137e+00	6.269485616575508347e-02	3.000000000000000000e+00	1.000000000000000000e+00
2.495781553019682075e+00	3.150806650295201461e-02	3.000000000000000000e+00	1.000000000000000000e+00
1.421597826751240135e+00	1.162261860302794478e-02	3.000000000000000000e+00	1.000000000000000000e+00
4.351021906581745924e+00	3.745173174870191635e-01	3.000000000000000000e+00	1.000000000000000000e+00
2.577149395687483135e+00	1.227478437577741444e+00	2.000000000000000000e+00	1.000000000000000000e+00
2.016289193763826759e+00	1.410014078082868272e+00	2.000000000000000000e+00	1.000000000000000000e+00
2.085244232814325027e+00	1.355790054980216874e+00	2.000000000000000000e+00	1.000000000000000000e+00
1.596307419998568067e+00	1.200142243193544678e+00	2.000000000000000000e+00	1.000000000000000000e+00
1.623565886310890383e+00	1.286055919868878794e+00	2.000000000000000000e+00	1.000000000000000000e+00
2.196477826971835245e+00	1.472489734008302964e+00	2.000000000000000000e+00	1.000000000000000000e+00
2.491637025543933515e+00	1.310701238256781531e+00	2.000000000000000000e+00	1.000000000000000000e+00
2.789287853161059871e+00	8.300263784681164436e-01	2.000000000000000000e+00	2.000000000000000000e+00
2.857266868110153180e+00	1.113799590039942444e+00	2.000000000000000000e+00	2.000000000000000000e+00
1.894226692492978925e+00	1.255579795346622118e+00	2.000000000000000000e+00	2.000000000000000000e+00
1.288646230796938408e+00	1.009954456691929847e+00	2.000000000000000000e+00	2.000000000000000000e+00
1.368827039905271992e+00	9.597297738711935144e-01	2.000000000000000000e+00	2.000000000000000000e+00
1.794021216521854534e+00	-1.817336499034831465e-02	3.000000000000000000e+00	2.000000000000000000e+00
1.806372412271070704e+00	-4.054463099313165286e-01	3.000000000000000000e+00	2.000000000000000000e+00
1.520120079636888333e+00	-4.361063444959000779e-01	3.000000000000000000e+00	2.000000000000000000e+00
2.569696245948514868e+00	8.649135854718148497e-01	2.000000000000000000e+00	2.000000000000000000e+00
2.225009922470624346e+00	1.093321976618639946e+00	2.000000000000000000e+00	2.000000000000000000e+00
3.859933440489746181e-01	5.573943017149699669e-02	3.000000000000000000e+00	2.000000000000000000e+00
3.271292860595390595e-01	1.264278690476321021e+00	2.000000000000000000e+00	2.000000000000000000e+00
7.784301490735165974e-01	1.277030799675999750e+00	2.000000000000000000e+00	2.000000000000000000e+00
7.919158699707240512e-01	7.141108625252741426e-02	3.000000000000000000e+00	2.000000000000000000e+00
7.620390254987486900e-01	1.276665896185981142e+00	2.000000000000000000e+00	2.000000000000000000e+00
9.963223966373749851e-01	1.282693113335664048e+00	2.000000000000000000e+00	2.000000000000000000e+00
2.209419682002371488e+00	-4.173344766812845941e-01	3.000000000000000000e+00	2.000000000000000000e+00
1.839087126790925231e+00	-3.709920223173916454e-01	3.000000000000000000e+00	2.000000000000000000e+00
1.886763067103614855e+00	1.315823896025412942e+00	2.000000000000000000e+00	2.000000000000000000e+00
3.090005042217811582e+00	-3.767879422402525269e-01	3.000000000000000000e+00	2.000000000000000000e+00
9.911963519275218681e-01	1.113949075669551814e+00	2.000000000000000000e+00	2.000000000000000000e+00
2.642778397212371289e+00	-6.041914633692518910e-01	3.000000000000000000e+00	3.000000000000000000e+00
3.520329374299455694e-01	3.489614742225111144e-01	2.000000000000000000e+00	3.000000000000000000e+00
2.241111860401804601e-01	-6.714719512364144549e-01	3.000000000000000000e+00	3.000000000000000000e+00
5.133092259308124072e-01	-7.475452880974724490e-01	3.000000000000000000e+00	3.000000000000000000e+00
1.909750254435823136e+00	-7.902600550574547800e-01	3.000000000000000000e+00	3.000000000000000000e+00
3.860365879967350367e+00	-6.522928971645048923e-01	3.000000000000000000e+00	3.000000000000000000e+00
2.972232314856276814e-01	4.892581011708990180e-01	2.000000000000000000e+00	3.000000000000000000e+00
1.727625322118256701e+00	4.148137710625623420e-01	2.000000000000000000e+00	3.000000000000000000e+00
1.286454059102794867e+00	9.146692452032167964e-01	2.000000000000000000e+00	3.000000000000000000e+00
3.373705736030322200e+00	-5.235940006677738401e-01	3.000000000000000000e+00	3.000000000000000000e+00
5.166246985106716094e-01	8.340172748177776541e-01	2.000000000000000000e+00	3.000000000000000000e+00
1.417525700170666259e+00	4.956139572448332586e-01	2.000000000000000000e+00	3.000000000000000000e+00
9.289109853676756900e-01	9.029223440566429559e-01	2.000000000000000000e+00	3.000000000000000000e+00
1.529480300199941079e+00	9.190876776979080010e-01	2.000000000000000000e+00	3.000000000000000000e+00
1.529480300199941079e+00	9.190876776979080010e-01	2.000000000000000000e+00	3.000000000000000000e+00
-1.847874995395786923e+00	-1.522077833716251050e+00	3.000000000000000000e+00	6.000000000000000000e+00
-3.483936743548858295e-01	1.485050507451259397e-02	3.000000000000000000e+00	1.000000000000000000e+00
9.311620926701776879e-01	1.122992999666641900e+00	2.000000000000000000e+00	1.000000000000000000e+00
1.363970453177744568e+00	1.125969290388161070e+00	2.000000000000000000e+00	1.000000000000000000e+00
-1.217472554921301242e+00	3.861773551583023711e-01	3.000000000000000000e+00	1.000000000000000000e+00
-1.430337906528131642e+00	1.201530059208562484e+00	2.000000000000000000e+00	1.000000000000000000e+00
-5.997773545003759477e-02	8.348597967557681576e-01	2.000000000000000000e+00	2.000000000000000000e+00
-2.134511855793122415e+00	1.199249908729178360e+00	2.000000000000000000e+00	2.000000000000000000e+00
-1.081410381564953171e+00	1.224806017910554656e+00	2.000000000000000000e+00	2.000000000000000000e+00
-1.129927685522876368e+00	1.222914373647749242e+00	2.000000000000000000e+00	2.000000000000000000e+00
-1.430687197891696849e+00	-9.051212453433084282e-02	3.000000000000000000e+00	2.000000000000000000e+00
-1.651017604678336470e+00	9.390775358388833149e-01	2.000000000000000000e+00	2.000000000000000000e+00
1.705425235961717245e+00	6.973531769061040997e-01	2.000000000000000000e+00	3.000000000000000000e+00
-8.307219097940090613e-01	7.968086085395817975e-01	2.000000000000000000e+00	3.000000000000000000e+00
2.752515853319873473e-01	-6.705137923325232840e-01	3.000000000000000000e+00	3.000000000000000000e+00
-2.287366703529335188e-01	8.718303973450792776e-01	2.000000000000000000e+00	3.000000000000000000e+00
-1.991818296618142581e+00	8.274551254485479346e-01	2.000000000000000000e+00	3.000000000000000000e+00
-1.819369782088313903e+00	4.537238327618282052e-01	2.000000000000000000e+00	3.000000000000000000e+00
-1.659014146419750535e+00	-7.643235931444507525e-01	3.000000000000000000e+00	4.000000000000000000e+00
-1.612681388219819434e+00	-7.642840025299821871e-01	3.000000000000000000e+00	4.000000000000000000e+00
-2.039346165360135910e+00	-7.671853775174940493e-01	3.000000000000000000e+00	4.000000000000000000e+00
-1.147188598957305627e+00	8.831343334988071836e-02	2.000000000000000000e+00	5.000000000000000000e+00
1.403702349841714270e+00	6.503733453550242238e-02	3.000000000000000000e+00	1.000000000000000000e+00
1.596963486764948259e+00	1.199345309400795090e+00	2.000000000000000000e+00	1.000000000000000000e+00
1.827421094813554525e+00	-6.605466128021726668e-02	3.000000000000000000e+00	1.000000000000000000e+00
1.532134724651452951e+00	1.201110477534123477e+00	2.000000000000000000e+00	1.000000000000000000e+00
2.116693915169035822e+00	1.696815851903965555e+00	2.000000000000000000e+00	1.000000000000000000e+00
-1.477822295690794929e+00	1.208873518139814474e+00	2.000000000000000000e+00	1.000000000000000000e+00
-1.391880854173326743e+00	1.316519396748483617e+00	2.000000000000000000e+00	1.000000000000000000e+00
-1.220750545289927436e+00	3.856535244978818167e-01	3.000000000000000000e+00	1.000000000000000000e+00
2.390595625281688452e+00	-4.121288668693287582e-01	3.000000000000000000e+00	2.000000000000000000e+00
1.493816661438539750e+00	8.739970810092959619e-01	2.000000000000000000e+00	2.000000000000000000e+00
2.314103715266105254e+00	-4.138317498227487845e-01	3.000000000000000000e+00	2.000000000000000000e+00
2.335936035822568257e+00	-4.021037182914280472e-01	3.000000000000000000e+00	2.000000000000000000e+00
8.383390976977443954e-01	8.277830105300622021e-01	2.000000000000000000e+00	2.000000000000000000e+00
2.072445208527307070e+00	1.004449297862598928e-01	3.000000000000000000e+00	2.000000000000000000e+00
-4.476036362231023968e-01	-1.184273275589116936e-01	2.000000000000000000e+00	5.000000000000000000e+00
-2.189422015552698664e+00	7.130966953173872858e-02	2.000000000000000000e+00	5.000000000000000000e+00
-2.441487137486411552e+00	6.023545077929996078e-02	2.000000000000000000e+00	5.000000000000000000e+00
-2.221229702752311574e+00	-3.212612149797837158e-01	2.000000000000000000e+00	6.000000000000000000e+00
-2.078922684013480016e+00	-3.131819431914891982e+00	4.000000000000000000e+00	7.000000000000000000e+00
1.531599582144020089e-01	4.608523476466393209e-02	3.000000000000000000e+00	2.000000000000000000e+00
-1.690042621854457083e+00	4.483142663347234325e-01	2.000000000000000000e+00	4.000000000000000000e+00
-2.236397087159228025e+00	-2.747212967405190855e-03	2.000000000000000000e+00	5.000000000000000000e+00
-1.272279047600177071e+00	-1.849912351564047208e+00	3.000000000000000000e+00	6.000000000000000000e+00
-4.162269312484532247e-01	-1.014616624694569147e+00	2.000000000000000000e+00	7.000000000000000000e+00
-4.162269312484532247e-01	-1.014616624694569147e+00	2.000000000000000000e+00	7.000000000000000000e+00
-1.507118889108866825e-03	1.303577965553401885e+00	2.000000000000000000e+00	1.000000000000000000e+00
-4.442472175082982644e-01	1.624384261908807581e+00	2.000000000000000000e+00	1.000000000000000000e+00
8.633626619928528312e-01	-6.527322155015216065e-01	3.000000000000000000e+00	3.000000000000000000e+00
1.027206799129486869e+00	3.709879582695130851e-01	2.000000000000000000e+00	3.000000000000000000e+00
1.027206799129486869e+00	3.709879582695130851e-01	2.000000000000000000e+00	3.000000000000000000e+00
5.668452535076303755e-01	4.660556511403083912e-01	2.000000000000000000e+00	3.000000000000000000e+00
1.322855822588644203e+00	2.992951129047784903e-02	2.000000000000000000e+00	4.000000000000000000e+00
-1.985835146828634601e+00	5.985237539544209506e-02	2.000000000000000000e+00	5.000000000000000000e+00
-1.381739734439033862e+00	-7.386593220647961200e-01	2.000000000000000000e+00	6.000000000000000000e+00
-2.048535150868433075e+00	-7.016903875058532192e-01	2.000000000000000000e+00	7.000000000000000000e+00
-1.066477872537534344e+00	2.511729402388238400e-02	2.000000000000000000e+00	4.000000000000000000e+00
-1.301633383022591905e+00	-1.232747280814056490e+00	3.000000000000000000e+00	4.000000000000000000e+00
-1.162794324670030743e+00	-2.345867161084292718e+00	4.000000000000000000e+00	5.000000000000000000e+00
-9.980376363703247211e-01	-6.606157508974366266e-01	2.000000000000000000e+00	7.000000000000000000e+00
-1.218040729263554001e+00	1.269062391916771171e+00	2.000000000000000000e+00	1.000000000000000000e+00
-1.308538372196036192e+00	5.122218860871800006e-01	2.000000000000000000e+00	3.000000000000000000e+00
-1.644671286081850203e+00	-2.698453395785970876e+00	4.000000000000000000e+00	5.000000000000000000e+00
9.311322829085578734e-01	1.271742457119234004e-01	2.000000000000000000e+00	4.000000000000000000e+00
1.218523081906494498e+00	1.340230701993323226e-01	2.000000000000000000e+00	4.000000000000000000e+00
-8.006514346262565418e-01	9.354109980487133880e-02	2.000000000000000000e+00	5.000000000000000000e+00
-1.577380055131103909e+00	-2.355908316624180543e+00	4.000000000000000000e+00	5.000000000000000000e+00
-2.320352622564175959e+00	5.579400475796562203e-02	2.000000000000000000e+00	5.000000000000000000e+00
-1.037662605847648800e+00	-1.214873107556230097e-01	2.000000000000000000e+00	5.000000000000000000e+00
-1.968621947746814094e+00	-1.964241198157715418e-01	2.000000000000000000e+00	5.000000000000000000e+00
2.752711340069959878e-01	-3.062818281371550544e+00	4.000000000000000000e+00	7.000000000000000000e+00
-2.153594362181388278e-01	-6.463622123923531415e-01	2.000000000000000000e+00	7.000000000000000000e+00
-7.971132432575332993e-01	1.075410406438263244e+00	2.000000000000000000e+00	1.000000000000000000e+00
-1.502115852289624298e+00	1.423276860167916213e+00	2.000000000000000000e+00	1.000000000000000000e+00
-1.662833753140905868e+00	1.374286375246544845e+00	2.000000000000000000e+00	1.000000000000000000e+00
-4.851916438978381985e-01	1.158466022972370224e+00	2.000000000000000000e+00	1.000000000000000000e+00
-1.461998271720642006e-01	-1.914903482054875969e-02	3.000000000000000000e+00	1.000000000000000000e+00
-3.856600347930865813e-01	4.221654727593717182e-01	3.000000000000000000e+00	1.000000000000000000e+00
-1.251188915843079785e+00	3.948192029384867685e-01	3.000000000000000000e+00	1.000000000000000000e+00
3.975630971214516585e+00	5.240668933203591201e-02	3.000000000000000000e+00	1.000000000000000000e+00
-1.407543837137632758e+00	1.433782816012661998e+00	2.000000000000000000e+00	1.000000000000000000e+00
-1.813711713819064375e+00	-2.178164899871788962e-01	2.000000000000000000e+00	5.000000000000000000e+00
-1.740289819792309345e+00	-1.528083313184101621e+00	3.000000000000000000e+00	6.000000000000000000e+00
-1.573936835614025975e+00	1.214434707862314777e+00	2.000000000000000000e+00	2.000000000000000000e+00
-2.320277922973825291e+00	1.195114335842301756e+00	2.000000000000000000e+00	2.000000000000000000e+00
-1.344618378106254009e-01	8.763260320891709254e-01	2.000000000000000000e+00	3.000000000000000000e+00
9.010858593847508313e-01	-2.894013348305149780e+00	4.000000000000000000e+00	6.000000000000000000e+00
5.019161307953495799e-01	-3.851623507054459661e-01	2.000000000000000000e+00	5.000000000000000000e+00
-1.317475338446560285e+00	-3.240383812791351459e-01	2.000000000000000000e+00	5.000000000000000000e+00
-1.317475338446560285e+00	-3.240383812791351459e-01	2.000000000000000000e+00	5.000000000000000000e+00
4.797190394208238340e-01	-2.792687229719584163e+00	4.000000000000000000e+00	6.000000000000000000e+00
1.605912739305526804e+00	-2.310276293157937477e+00	3.000000000000000000e+00	7.000000000000000000e+00
1.813740777022697870e+00	-2.254677887005198222e+00	3.000000000000000000e+00	7.000000000000000000e+00
1.478234822864907594e+00	-4.752677160570716042e-02	3.000000000000000000e+00	1.000000000000000000e+00
-1.602023703634642970e+00	1.326929029563938878e+00	2.000000000000000000e+00	1.000000000000000000e+00
-1.030898026202349715e+00	7.734554475881887381e-01	2.000000000000000000e+00	2.000000000000000000e+00
4.020062740424611425e-01	-2.244112549470091089e+00	4.000000000000000000e+00	4.000000000000000000e+00
-9.780146040990804757e-01	4.687643435577821815e-01	2.000000000000000000e+00	4.000000000000000000e+00
1.593446693791043811e-02	1.053193811739534941e-01	2.000000000000000000e+00	4.000000000000000000e+00
7.340886791613984164e-01	1.294486825222584958e-02	2.000000000000000000e+00	4.000000000000000000e+00
4.178900467610476843e-01	1.814933239966118883e-01	2.000000000000000000e+00	4.000000000000000000e+00
2.328897850021493521e-01	-2.345785159912544326e+00	4.000000000000000000e+00	4.000000000000000000e+00
-6.188592205084271214e-01	3.762362957133599806e-01	2.000000000000000000e+00	4.000000000000000000e+00
-8.038164440600357175e-01	2.922022028725723697e-01	2.000000000000000000e+00	4.000000000000000000e+00
-5.150311082647610755e-02	2.800538207210445107e-01	2.000000000000000000e+00	4.000000000000000000e+00
1.114046417233946817e+00	-3.583091883189556959e-01	2.000000000000000000e+00	5.000000000000000000e+00
4.913667348393559453e-01	-3.776278325240694511e-01	2.000000000000000000e+00	5.000000000000000000e+00
5.155594718639177065e-01	-3.654026906534072472e-01	2.000000000000000000e+00	5.000000000000000000e+00
-1.305181440707627205e+00	-1.680031150160143927e+00	3.000000000000000000e+00	6.000000000000000000e+00
-1.580256657209064830e-01	9.111686251142232518e-01	2.000000000000000000e+00	2.000000000000000000e+00
4.687165204469663782e-01	7.484337119258660520e-01	2.000000000000000000e+00	2.000000000000000000e+00
-1.963466842531602419e+00	8.372984011259690940e-01	2.000000000000000000e+00	3.000000000000000000e+00
-3.505182306759928590e-01	6.086723808542060521e-01	2.000000000000000000e+00	3.000000000000000000e+00
-5.228718070708338050e-01	1.987486949900655331e-01	2.000000000000000000e+00	4.000000000000000000e+00
-1.240634554058240191e+00	-7.480139304410731160e-01	3.000000000000000000e+00	4.000000000000000000e+00
-1.191461183333936358e+00	-7.469192199710172897e-01	3.000000000000000000e+00	4.000000000000000000e+00
-1.515640757979027864e+00	-2.805513796476716060e+00	4.000000000000000000e+00	5.000000000000000000e+00
-2.153684700049135259e+00	-1.159016379612291425e+00	3.000000000000000000e+00	5.000000000000000000e+00
-9.929734825442118051e-01	8.835786559715297361e-02	2.000000000000000000e+00	5.000000000000000000e+00
-1.252912414203718461e+00	-2.868978203159878948e+00	4.000000000000000000e+00	6.000000000000000000e+00
-2.143298229555159473e+00	-1.578267448506761150e+00	3.000000000000000000e+00	6.000000000000000000e+00
-2.011233241290575791e+00	1.579129939127444926e+00	2.000000000000000000e+00	1.000000000000000000e+00
-9.766466828820248303e-01	1.232330460655243209e+00	2.000000000000000000e+00	2.000000000000000000e+00
1.034275500164589523e-01	7.090342870782160301e-01	2.000000000000000000e+00	2.000000000000000000e+00
4.713702361321862044e-01	1.269293241038151665e+00	2.000000000000000000e+00	2.000000000000000000e+00
-1.223466785879608443e+00	1.221643520997060639e+00	2.000000000000000000e+00	2.000000000000000000e+00
-1.677678641996988462e+00	-2.586768267319714987e+00	4.000000000000000000e+00	5.000000000000000000e+00
-1.667679973324644349e+00	3.720970229707072363e-01	3.000000000000000000e+00	1.000000000000000000e+00
-2.707752804725152562e-01	-6.929053707749974755e-01	2.000000000000000000e+00	6.000000000000000000e+00
-1.744929550696657783e+00	-2.960749854638515810e+00	4.000000000000000000e+00	6.000000000000000000e+00
-2.261807763249313652e+00	1.589090326629938321e+00	2.000000000000000000e+00	1.000000000000000000e+00
3.347775396757868838e-01	1.266252378621330443e+00	2.000000000000000000e+00	2.000000000000000000e+00
2.754525434838885345e-01	1.226600977472412923e+00	2.000000000000000000e+00	1.000000000000000000e+00
-8.391626622943396674e-01	1.612977590707276310e+00	2.000000000000000000e+00	1.000000000000000000e+00
-6.281814168051439440e-01	9.070285295557453109e-01	2.000000000000000000e+00	2.000000000000000000e+00
5.077407385781039784e-01	-1.495384818870788779e+00	4.000000000000000000e+00	2.000000000000000000e+00
-1.785790145704081677e+00	1.206329628832506051e+00	2.000000000000000000e+00	2.000000000000000000e+00
5.553434162872664670e-01	8.066340503584435995e-01	2.000000000000000000e+00	2.000000000000000000e+00
5.876529006679993561e-01	8.355985232745247737e-01	2.000000000000000000e+00	3.000000000000000000e+00
-2.124071185761684522e+00	3.227151913860203947e-01	2.000000000000000000e+00	4.000000000000000000e+00
-1.821533116974866084e+00	1.582992408881992663e+00	2.000000000000000000e+00	1.000000000000000000e+00
-3.503201949058440512e+00	5.363549100867703423e+00	2.000000000000000000e+00	2.000000000000000000e+00
-7.641303302876600867e-01	-2.338599039357715181e+00	4.000000000000000000e+00	4.000000000000000000e+00
-8.658918058572272203e-02	-1.605965974009956887e-01	2.000000000000000000e+00	5.000000000000000000e+00
-1.850577289908259759e+00	8.233711243824863857e-01	2.000000000000000000e+00	3.000000000000000000e+00
-2.162542249535078120e+00	4.342786853556033222e-01	2.000000000000000000e+00	4.000000000000000000e+00
7.859267631289039713e-01	-3.716175792199808980e-01	2.000000000000000000e+00	5.000000000000000000e+00
5.700596504115531538e-01	-2.806562577184068097e+00	4.000000000000000000e+00	5.000000000000000000e+00
-5.587169502904949514e-01	-2.064437061887627600e-01	2.000000000000000000e+00	5.000000000000000000e+00
6.740446725624696933e-01	-2.817598173630992076e+00	4.000000000000000000e+00	5.000000000000000000e+00
-2.248093124024921341e+00	5.401391955514519422e-02	2.000000000000000000e+00	5.000000000000000000e+00
-1.902262363178431004e+00	-2.000488001321828746e-01	2.000000000000000000e+00	5.000000000000000000e+00
1.235751816593500113e-01	-1.965748427074735849e+00	4.000000000000000000e+00	3.000000000000000000e+00
4.094225670817817075e-01	1.097480804756974404e+00	2.000000000000000000e+00	2.000000000000000000e+00
8.748958225775621544e-01	-2.010026030858335755e+00	4.000000000000000000e+00	3.000000000000000000e+00
2.632221456557061745e-01	7.703625665993433236e-01	2.000000000000000000e+00	3.000000000000000000e+00
1.093513867932987660e+00	1.304285429831071041e-01	2.000000000000000000e+00	4.000000000000000000e+00
1.511194131623061043e+00	-1.936133947255884058e+00	4.000000000000000000e+00	3.000000000000000000e+00
6.168581532835339942e-01	3.505949438478251357e-01	2.000000000000000000e+00	3.000000000000000000e+00
1.071447939152950335e+00	1.580410893320492380e-02	2.000000000000000000e+00	4.000000000000000000e+00
4.109718008410787049e-01	-1.086592248151879492e+00	3.000000000000000000e+00	5.000000000000000000e+00
-1.769806504724263374e-01	1.254461045227484250e+00	2.000000000000000000e+00	2.000000000000000000e+00
2.324995789322192516e-02	8.766286503992806178e-01	2.000000000000000000e+00	3.000000000000000000e+00
1.264043404337048537e-01	8.797366396288148760e-01	2.000000000000000000e+00	3.000000000000000000e+00
8.365143746894373455e-01	3.825519698329907792e-01	2.000000000000000000e+00	3.000000000000000000e+00
3.460107766690049269e-01	-2.025407049835603601e+00	4.000000000000000000e+00	3.000000000000000000e+00
-1.154490004287402671e+00	-2.344690406732033328e+00	4.000000000000000000e+00	5.000000000000000000e+00
-6.171634428711848530e-01	-1.529918047514184698e+00	3.000000000000000000e+00	5.000000000000000000e+00
-1.832544924688995991e+00	-1.985302587863359003e+00	4.000000000000000000e+00	4.000000000000000000e+00
-4.853944732122233985e-01	2.566045379826715211e-01	2.000000000000000000e+00	4.000000000000000000e+00
5.024475103894139316e-01	-3.674980132950896872e-01	2.000000000000000000e+00	5.000000000000000000e+00
2.089753202920848985e+00	1.197122793183404699e-01	2.000000000000000000e+00	5.000000000000000000e+00
-4.155526870122835392e-01	-1.868746313387375402e+00	3.000000000000000000e+00	7.000000000000000000e+00
-2.363052250671972276e-02	-1.033673259872181838e+00	2.000000000000000000e+00	7.000000000000000000e+00
2.128903986583166486e+00	-1.229304669881730261e+00	4.000000000000000000e+00	1.000000000000000000e+00
-2.710903914767746545e-02	-7.906113702127329779e-01	2.000000000000000000e+00	7.000000000000000000e+00
3.189613458501222798e+00	-5.516238956443212382e-01	2.000000000000000000e+00	7.000000000000000000e+00
2.290711846065611290e+00	1.225843000398236793e+00	2.000000000000000000e+00	1.000000000000000000e+00
2.105613493033323458e+00	7.958472911218081869e-01	2.000000000000000000e+00	2.000000000000000000e+00
2.385121938993983282e+00	4.152471484344585906e-01	2.000000000000000000e+00	3.000000000000000000e+00
2.463537124474558748e+00	-1.949434483424572706e+00	4.000000000000000000e+00	3.000000000000000000e+00
2.434810466354876191e+00	4.990829632296663321e-01	2.000000000000000000e+00	3.000000000000000000e+00
1.657325260571392400e+00	5.308608453600123234e-01	2.000000000000000000e+00	3.000000000000000000e+00
1.760287423309878641e+00	5.861545864265397254e-01	2.000000000000000000e+00	3.000000000000000000e+00
-2.855573805948918853e-01	4.326099674102799608e-01	2.000000000000000000e+00	3.000000000000000000e+00
-1.515543748169204119e-01	6.585143072522874341e-01	2.000000000000000000e+00	3.000000000000000000e+00
2.005083538324026637e+00	-1.659276572199891719e-01	2.000000000000000000e+00	5.000000000000000000e+00
2.357091545252028464e+00	-3.497240749391167247e-01	2.000000000000000000e+00	5.000000000000000000e+00
-5.815922145930523257e-01	1.239449771373039244e+00	2.000000000000000000e+00	2.000000000000000000e+00
-2.406284872832114841e-01	7.849408612650065065e-01	2.000000000000000000e+00	3.000000000000000000e+00
-1.349113055011023077e+00	6.483117936706921103e-02	2.000000000000000000e+00	4.000000000000000000e+00
-1.617399309242252003e-01	4.932484368345430581e-01	2.000000000000000000e+00	4.000000000000000000e+00
1.095508650263760791e-01	-1.062021730658673224e+00	2.000000000000000000e+00	7.000000000000000000e+00
-1.610558260348805559e+00	-9.546558530310614854e-01	2.000000000000000000e+00	7.000000000000000000e+00
-1.041200670553451335e+00	-1.315359779695279174e+00	4.000000000000000000e+00	2.000000000000000000e+00
-1.236556359978395525e+00	9.737032320852750944e-01	2.000000000000000000e+00	2.000000000000000000e+00
2.927844852736277481e+00	1.340210709389274779e+00	2.000000000000000000e+00	2.000000000000000000e+00
3.190018430311330366e+00	7.831664057148350899e-01	2.000000000000000000e+00	2.000000000000000000e+00
2.154953266402613199e+00	1.993579508536283060e-02	2.000000000000000000e+00	4.000000000000000000e+00
2.597221817375696240e+00	-9.834756946615813566e-01	3.000000000000000000e+00	4.000000000000000000e+00
-4.611084738274683903e-01	3.644414351165347066e-01	2.000000000000000000e+00	3.000000000000000000e+00
8.861565824311564699e-01	4.768790631427440307e-01	2.000000000000000000e+00	3.000000000000000000e+00
5.335499001205568081e-01	-1.690677290261555443e+00	4.000000000000000000e+00	3.000000000000000000e+00
2.396135330866557389e+00	-4.382570735428404363e-01	3.000000000000000000e+00	3.000000000000000000e+00
2.152165135282084751e+00	4.797871169859967838e-02	2.000000000000000000e+00	4.000000000000000000e+00
2.380857324878206782e+00	6.929714958590826521e-03	2.000000000000000000e+00	4.000000000000000000e+00
1.846230524105531234e+00	1.782452122396629793e-06	2.000000000000000000e+00	4.000000000000000000e+00
3.165020736971352999e+00	1.330491145787296159e-01	2.000000000000000000e+00	4.000000000000000000e+00
4.721909176535858066e+00	-1.743406856543744388e-01	2.000000000000000000e+00	5.000000000000000000e+00
4.558488971767913789e+00	-1.516772230929872012e-01	2.000000000000000000e+00	5.000000000000000000e+00
5.005996299288167251e+00	-3.071476148519183713e+00	4.000000000000000000e+00	6.000000000000000000e+00
4.752122045074941847e-01	1.194362181771926990e+00	2.000000000000000000e+00	1.000000000000000000e+00
2.874462197956824117e-01	1.250592344060513561e+00	2.000000000000000000e+00	1.000000000000000000e+00
-9.553547729595840421e-01	3.985574212944197892e-01	3.000000000000000000e+00	1.000000000000000000e+00
-4.254569366432243704e+00	5.343575805155849956e+00	2.000000000000000000e+00	2.000000000000000000e+00
9.515269804382242569e-01	-3.595303749184879383e-01	2.000000000000000000e+00	5.000000000000000000e+00
1.686832630915326758e+00	-3.171444173832176916e-01	2.000000000000000000e+00	5.000000000000000000e+00
1.686832630915326758e+00	-3.171444173832176916e-01	2.000000000000000000e+00	5.000000000000000000e+00
2.615181334911938826e+00	1.214760696613992774e+00	2.000000000000000000e+00	1.000000000000000000e+00
2.546024685746421046e+00	4.477029734180543175e-02	3.000000000000000000e+00	1.000000000000000000e+00
9.220150323797831060e-01	1.282842284030580648e+00	2.000000000000000000e+00	2.000000000000000000e+00
4.264623311466549715e+00	8.675973313343890991e-01	2.000000000000000000e+00	2.000000000000000000e+00
4.137101510496011270e-01	4.149450908103661795e-01	2.000000000000000000e+00	3.000000000000000000e+00
5.613428176053134599e-01	3.620217544973866608e-01	2.000000000000000000e+00	3.000000000000000000e+00
8.828196220931342486e-01	1.437330898598674633e-01	2.000000000000000000e+00	5.000000000000000000e+00
7.112567337607886842e-01	-1.239454398259271173e+00	4.000000000000000000e+00	1.000000000000000000e+00
1.045653276644379570e+00	8.126320209323628641e-01	2.000000000000000000e+00	2.000000000000000000e+00
-7.054406188625272911e-01	-3.378707604783796059e-01	3.000000000000000000e+00	2.000000000000000000e+00
3.418986014292816900e-01	7.739175032011001987e-01	2.000000000000000000e+00	3.000000000000000000e+00
1.168537176164833769e+00	-1.220835978059848781e+00	4.000000000000000000e+00	1.000000000000000000e+00
7.018754594582078399e-01	-3.598851725837444171e-01	3.000000000000000000e+00	2.000000000000000000e+00
1.274082580704756440e+00	4.012149666025688344e-01	3.000000000000000000e+00	1.000000000000000000e+00
2.274114852682389110e+00	7.984262890969152648e-01	2.000000000000000000e+00	2.000000000000000000e+00
1.837839437281668209e+00	-1.620869708417742361e+00	4.000000000000000000e+00	2.000000000000000000e+00
